species_key,occurrence_count
2426805,631706
5217160,597411
2424585,279920
5218405,267420
2431885,203688
2431783,193527
2431776,191848
2431491,173244
5218410,170004
2422507,162600
2429583,148364
2427091,144288
2422872,138077
2427573,137616
2427172,124317
2429578,110328
2426760,106757
2427831,99884
2426612,95671
2427671,94214
2423435,94100
2426654,91148
2426789,87969
2427072,86472
2426661,82650
5218390,75453
2422538,74694
2428132,74359
2427555,72403
2427185,71926
2429581,68378
2430396,67301
5216933,66836
2426947,63219
2428182,62328
2426658,59878
2427705,59664
9421513,58504
10842219,52638
2424593,50398
10810025,45437
2431750,42702
2423787,41327
2427755,40995
2422924,40990
2431886,40433
10595763,39666
10806364,38596
9529916,37288
2431951,36601
2427093,33033
2422905,32808
2431224,32483
2424293,32388
2422404,31456
5217163,31235
2431913,30784
2431643,30271
2423834,30042
2431539,29476
2427616,29176
10365883,28504
2422865,28288
2427610,27618
2422105,26614
2422916,25282
2427056,25189
2429607,24268
2428083,24216
2431199,23487
2430565,22742
2427754,22217
5218376,22191
2431920,22002
2427256,21844
9409066,21841
10892611,21471
10843277,21272
10870167,21142
2429573,20983
2424588,20785
10863553,20646
10822921,20476
2430567,20263
10824904,20041
2427779,19489
5217228,18684
2423443,18239
2427823,18223
2422890,18034
5218029,17386
2431781,17275
2423497,16247
2424555,16132
10877828,16086
10857535,16008
2430491,15263
2427110,14762
2432006,14591
10889090,14579
2428169,14567
5218366,14311
2427814,13962
2426634,13579
2431233,13483
2431459,13459
2424630,13315
2429795,13201
2428680,13065
2427839,12984
5217144,12821
2431506,12645
2432014,12513
2422882,12118
2424597,11993
2431529,11963
2421766,11917
2431219,11902
10856573,11635
2422389,11524
2424568,11515
10894420,11489
2427618,11424
2431711,11328
2427571,11279
2431993,11196
2423840,11137
2424629,10852
2431516,10686
10754639,10242
2423785,10197
2424089,10043
2431489,9999
10851350,9919
2429587,9850
10787842,9820
5217556,9743
2429785,9612
2423441,9587
2424575,9476
2429559,9191
2426808,9163
5218408,9145
2424022,9080
2431423,9045
2431142,9024
11377651,9021
2429789,8904
2431875,8864
2427701,8764
10757240,8750
2424616,8713
2431965,8685
10867288,8674
2427835,8544
2426803,8519
2429582,8484
5218348,8420
2431978,8401
2431769,8391
2429585,8383
2426774,8252
2427847,8224
5217952,8166
2428141,8123
2425166,8118
2428130,8085
2429796,8002
10857682,7979
10767031,7736
2426762,7666
5217671,7492
2431824,7383
2428504,7375
2421636,7350
2429135,7335
2422117,7256
2427800,7149
5217525,7149
2426616,7114
2431998,6810
2431484,6794
5217334,6783
2421773,6773
2426814,6763
2431514,6657
2428197,6614
2422934,6610
2426617,6565
2431510,6546
10737932,6438
5217229,6405
2427062,6385
5216969,6385
2431237,6351
2430382,6307
5218384,6272
2431962,6256
2424596,6198
9388146,6173
2422892,6055
2431763,6015
2427565,5998
2428152,5947
2431220,5896
2424562,5878
2427047,5873
2431777,5865
2424579,5755
2424572,5703
2427865,5669
2429592,5655
2431207,5645
2427326,5638
10757025,5617
2424583,5559
2432022,5493
2424091,5432
2428683,5407
2426756,5398
2422110,5390
2428549,5360
9456514,5357
2427586,5300
2431521,5271
2431480,5249
2426785,5233
2431666,5228
5218022,5224
10801413,5164
2424643,5162
9383706,5149
2429955,5092
2426610,5067
10759325,5033
5218351,5005
2431488,4956
5217587,4928
10772919,4921
2431887,4883
2431453,4795
2424590,4722
2431213,4670
5218380,4620
2429804,4614
2428500,4611
5216921,4470
2426767,4464
2431706,4447
2422375,4441
2422432,4357
2427887,4214
2422914,4200
2431501,4104
2431973,4031
5216992,4019
5218344,4007
2431938,3984
2432020,3973
2422911,3968
2425342,3944
2431394,3910
9114626,3907
10710561,3898
2428420,3886
2424591,3881
10695142,3848
2431191,3828
2427183,3759
2427580,3703
2429057,3692
2423160,3689
2431240,3683
5217858,3668
2430670,3660
2431992,3659
10740745,3643
2426771,3594
2429886,3591
2424592,3589
2424617,3578
2432063,3553
8949930,3546
2429783,3539
8813908,3528
2428904,3514
10698146,3510
2430162,3510
2431299,3493
2428925,3486
2424624,3485
5217933,3480
2427370,3463
2429165,3434
2424576,3430
2429579,3415
2424584,3410
5217534,3384
2421790,3383
2427049,3353
2431944,3353
5217608,3349
10872248,3341
2431780,3339
2424120,3326
2429791,3321
10820559,3292
2424636,3260
2431889,3248
5216900,3246
2422519,3243
2431184,3243
2422379,3232
2429563,3227
2428453,3217
10744356,3179
2427639,3179
7746572,3161
2431513,3152
5218353,3140
9911852,3124
2423489,3119
2427697,3110
5217598,3092
2426893,3084
2431203,3083
5216910,3078
2426674,3072
2422941,3071
2430621,3071
9311531,3060
10826917,3051
10729927,3038
10132344,3020
2424619,3020
10749780,3012
5218334,3011
2431306,3002
2423581,3001
2422401,2986
2430314,2986
11374243,2950
5217208,2940
2426797,2921
2431507,2912
2427082,2909
2430329,2900
2427684,2899
2426101,2894
2431495,2888
5216979,2881
2431231,2857
2423470,2849
2431542,2838
2425738,2825
9132909,2810
9854382,2789
2427569,2764
2424587,2732
10807070,2722
2431537,2722
2428493,2703
2428176,2697
2426812,2694
2431532,2670
2430830,2667
2430433,2661
5218176,2660
2430739,2643
2431317,2635
2431716,2623
2424581,2617
5217753,2614
2427841,2610
5217514,2586
2427598,2584
2427161,2583
10697747,2551
2431535,2547
10787633,2513
2424128,2512
2426798,2510
2431760,2508
2424570,2497
2431752,2492
2430513,2489
2428146,2435
10704345,2409
2429056,2401
2424558,2391
2421447,2390
2424649,2390
2431762,2376
2426794,2367
5216905,2356
2427163,2351
2424560,2350
10039315,2349
2427144,2345
2427808,2334
2431504,2321
2431239,2317
10721626,2313
2429944,2306
2428520,2272
2421804,2270
5217574,2257
10826642,2249
2431916,2246
2427863,2240
2429584,2229
2431719,2223
5217777,2196
2426171,2178
10831537,2176
5217681,2156
2424586,2141
10863437,2123
2431043,2119
2431710,2119
2431541,2117
2426788,2115
5217886,2106
2431487,2105
2431860,2098
10493617,2089
2423521,2085
2428273,2083
2423479,2081
2432048,2075
2431358,2074
2425589,2073
2426684,2070
5217394,2054
5217504,2036
2429586,2033
10399964,2027
2424292,2027
2431917,2024
5217567,2021
2424063,2020
5218161,2019
2425033,2018
5216950,2014
11203160,2010
10731357,2006
2421640,2006
2428495,2001
2429598,2001
2430808,1996
2432008,1995
2430378,1980
2426369,1978
2426773,1977
2422104,1972
10829241,1967
5216669,1944
2426615,1933
5217540,1925
2431543,1924
2427728,1919
2427066,1918
2431380,1916
2428369,1910
10695994,1907
2431120,1902
10878143,1893
2426313,1889
2431547,1884
2426791,1857
9296806,1854
10704158,1849
2430380,1836
2423776,1830
2427080,1830
2432084,1811
10790205,1809
2428138,1799
5217590,1792
2426776,1774
2426816,1771
5217498,1765
2428293,1760
2431466,1760
2426128,1755
2431505,1755
2430335,1752
2431410,1750
10737210,1740
8268125,1738
2427563,1731
2431940,1731
2430477,1729
2424577,1723
10782364,1719
2421829,1705
2427845,1705
2428686,1703
5217897,1701
2425020,1700
2429591,1698
2427904,1695
2431758,1694
2424959,1692
2425144,1692
2426815,1687
2429906,1687
2430530,1685
2430607,1681
11846033,1680
10824565,1678
2428085,1678
2429139,1675
2431176,1671
2431546,1668
2422897,1665
2428390,1659
5217879,1650
2422932,1647
2425577,1647
5217593,1647
2429038,1646
2423515,1643
2427189,1638
2427599,1635
2427903,1635
5218409,1625
2423543,1617
2425333,1606
2431267,1606
2429575,1602
2427052,1599
10849704,1598
10886187,1598
2428160,1597
2426971,1593
5218197,1590
2426807,1583
10788757,1576
2427771,1570
2430997,1567
5217700,1560
10678300,1545
2429137,1541
2427054,1539
2431218,1536
5217510,1533
2423460,1532
2427968,1530
2431180,1524
2432068,1513
10759975,1508
9971159,1508
2427017,1507
2422073,1499
2427840,1499
2427898,1495
10769160,1488
2428555,1488
2431960,1485
10800651,1475
2428373,1474
2428449,1463
2427127,1461
10851090,1459
10764900,1457
5785383,1457
2422090,1449
2424644,1447
2427735,1446
2427695,1437
2431416,1435
5217865,1434
10700691,1432
2431298,1430
2428279,1429
2431497,1429
10771002,1425
2431779,1424
5218369,1419
10678845,1418
10834718,1418
2431687,1413
5217704,1413
2428571,1407
2422409,1406
2424133,1406
5216923,1404
2431721,1400
5217578,1393
2430330,1388
2425099,1378
2428688,1378
2429600,1377
5217625,1371
2426566,1367
2428380,1365
10853725,1364
2429801,1355
2424191,1351
2431230,1347
2428497,1345
5217950,1341
2426620,1334
2425008,1333
2429053,1330
10723020,1329
2425583,1318
2427166,1317
5217876,1316
2430747,1309
9491182,1302
8708974,1300
10672497,1297
2421896,1281
2429316,1278
2431308,1277
2427752,1270
2431123,1261
2428577,1260
5216887,1258
2431847,1257
2425028,1256
10705538,1250
2429017,1250
2425613,1249
10881038,1246
2421895,1245
2422446,1244
2429752,1242
2431483,1241
2427788,1238
2429913,1238
2424267,1237
5218002,1236
9588263,1235
2430875,1226
9902260,1224
2425669,1222
5217679,1217
2432075,1215
9019940,1214
10635361,1210
2429767,1210
5217607,1209
2431387,1204
5218339,1202
10671370,1199
2421592,1193
2426202,1191
2427187,1191
2431211,1187
2431544,1182
2421907,1180
2428144,1179
2424578,1178
2431478,1175
2429714,1171
5217793,1170
10551481,1164
2424012,1163
2431536,1160
2429599,1156
5217583,1155
10765937,1152
5217266,1150
2429209,1149
2427195,1143
2423146,1141
2424395,1139
10807592,1129
2430910,1129
2421621,1125
2427682,1123
2430284,1120
2431862,1118
2423485,1117
10674422,1114
5217233,1114
5217495,1111
5216853,1110
2430544,1109
10711689,1108
10606278,1106
2431494,1104
2432017,1102
2424561,1101
2427179,1101
2430411,1100
2425649,1099
2424627,1098
2429007,1095
2424402,1093
2421949,1091
2426702,1091
2423960,1089
2430463,1088
2431863,1085
2423583,1083
2423437,1082
2432059,1080
2429918,1074
2431694,1072
2427133,1059
2430145,1056
10741977,1054
10790272,1053
2421945,1050
2423517,1050
2429593,1046
10780310,1045
5217913,1031
2429556,1030
2430571,1028
10500868,1020
2424233,1018
2430813,1011
2428526,1009
2426632,1007
2427625,1007
2428150,1006
5217529,1005
5217690,1005
2429055,1004
2429234,1003
5217143,1001
5217891,1001
2429965,998
2428681,996
2430765,996
2426754,995
10771812,993
5217516,993
2425464,989
2431236,989
2426682,988
5217922,988
5217332,987
10719812,986
2430627,986
2422156,985
2426621,983
2422166,978
2424097,976
2428271,974
2430243,974
5217599,967
5217737,964
2431498,963
2425760,962
2431345,962
5218356,961
2428392,959
10894772,956
5217960,956
2431496,952
5217965,952
2425718,949
2425705,947
10819374,945
2431851,941
2421471,940
2429009,940
2430757,935
2425721,933
10853700,931
2426552,930
2426787,929
2431534,929
2428920,925
2425080,921
5217403,921
5216997,918
2421545,915
5218382,915
10710631,907
5218071,907
2424527,905
5217918,905
9037947,905
5217601,903
2422903,899
5217675,894
2422862,888
5216662,888
2428277,887
2429568,883
2424651,882
5218006,881
2431195,880
2430452,878
8028213,878
5217602,877
2428227,876
2424639,873
2421885,872
2432031,872
9649901,872
10700347,871
2428148,868
2425855,859
10758811,858
2421540,857
2428022,856
2430252,853
2430180,851
10883886,848
2424406,847
2426636,847
2426933,844
2423464,843
10680274,842
2426640,841
2430133,837
2431517,837
2424256,836
2430525,833
2431518,833
10699830,827
2428491,827
2430497,827
10834971,825
2427159,824
2426270,823
2431278,822
5217205,821
5217335,821
2424571,818
2430496,818
2426122,816
2429728,816
2428196,815
10847181,811
2431811,810
5218301,810
9787242,806
2429555,804
2422092,802
10807870,800
2425047,799
2425780,799
2430654,796
2425269,794
2426795,793
2429181,792
5217935,792
5217164,790
2431178,789
2431201,786
2425651,784
2429560,784
5217543,784
2425906,783
2428192,780
2426793,779
5217159,775
2426296,773
2429046,770
2423557,769
2421899,766
2428563,766
2429221,758
2431173,757
2431761,757
5218206,757
2429350,756
5217666,755
5217302,748
2429964,745
2431880,743
2429923,742
5217337,740
5217561,739
2422884,738
2428175,735
2425337,734
2429167,734
5217692,731
2431185,730
2423792,729
2427983,729
2431344,728
2423471,726
10809352,725
2424262,725
2430786,725
2431179,725
2423528,722
2427667,719
2421588,716
2425157,716
5217937,715
11789961,714
2424315,714
2430652,713
2427940,711
5785955,710
10875287,709
2430492,709
2424529,708
2425662,707
9502240,707
5217962,706
2427120,703
2427118,702
2422242,698
2427647,694
5217853,694
9630922,693
2431250,692
2422499,691
10836781,688
2424599,686
10762379,685
10833728,677
9340938,677
2422413,675
2426782,673
2424669,672
2428162,672
5217647,672
2427640,671
2431661,671
2425468,670
2421644,669
2431406,667
2424247,666
2421649,664
2421491,662
2423525,662
2424846,660
2423777,658
2424066,658
2425535,657
2424053,656
2427305,656
2429747,654
2431890,653
2426857,650
5216893,648
2423680,646
2427333,646
5217725,644
5217717,643
2423447,640
2430864,639
5217659,638
2425838,637
2428640,637
2428567,636
2425791,634
2432004,634
2425233,633
2431813,632
2427283,629
2431040,629
2424456,627
2424093,624
2427254,624
2423393,622
2424095,622
8883048,622
10868868,620
10779102,619
5216619,617
2423530,616
2429569,614
2430139,614
2431696,609
2426579,608
10707892,607
2424057,607
2431955,607
10876427,606
2422430,605
10824043,604
5217555,602
2425551,599
5217920,598
10777550,595
2430841,594
2425746,592
2432009,592
8542149,592
2430450,591
2430823,590
2425575,588
10400305,587
10675684,587
2423793,587
2427747,587
2430504,587
2432070,587
2426613,586
10711141,585
10804271,585
2426252,581
10679126,580
2421822,580
10898041,579
10720467,578
2431615,575
10717791,573
2423966,573
2424628,573
2427272,573
10294306,572
2421645,572
2422909,571
2425309,571
2431771,569
2429146,568
2429698,566
2421522,565
2424566,564
5217336,561
2425188,560
2430409,560
2430459,559
2431528,559
10892214,558
2432046,557
10699072,556
10838752,556
2432081,555
2429880,552
2428426,551
2430566,550
5217770,550
2425628,546
2426582,546
2425420,545
2425714,545
10780480,544
2422383,544
2424610,544
2431551,544
5217811,544
5217748,538
2430709,537
2428350,536
2431419,535
2431976,535
5218355,535
7908072,535
2429805,534
2430961,533
2427629,532
2428890,532
2431405,532
2427787,528
2424145,527
7393394,526
2429773,525
9724339,525
5216797,521
2429680,520
10794558,519
2421494,519
2428909,514
9059862,514
2426650,513
2432025,513
10705421,512
2425439,512
2426701,512
2429064,512
5217210,512
2421622,511
2424200,511
10751817,510
10871396,510
10871825,510
11691106,510
2421862,510
2431693,510
2424611,509
5216646,509
10832445,507
2429060,507
2429637,506
5217550,506
2424595,505
2427714,504
2422377,503
2429668,502
8784293,502
2421847,501
2431328,501
10765438,499
2424281,499
2429114,499
2424538,498
2431476,496
2425819,495
2429561,495
2421889,494
2426569,493
2428201,492
2421915,491
2422886,488
2427977,488
2428669,488
2426564,487
2421538,486
2423843,486
5216857,486
10898953,485
2427637,485
2424671,483
2429295,483
5217652,483
2429327,481
5216838,481
2425426,480
2428475,479
5217383,478
5218346,478
8858931,478
9672259,477
10747786,476
2424037,476
2425093,476
10758525,475
2425488,475
2426665,475
2429142,475
2424244,473
2425585,473
2428522,473
2428689,473
2431891,472
2428518,471
2425447,469
2431187,469
2422381,468
2432005,468
5217663,468
2422237,467
9196299,467
5217374,466
2429432,465
2430181,465
5218362,465
2431261,464
2425006,463
2428483,463
2432055,463
5217703,463
2425660,462
2431039,462
5217746,462
5217870,462
10805994,461
2423736,460
2425146,460
10770209,459
2426759,459
10842532,458
2429054,458
10830608,457
2425390,457
2428110,457
2431702,457
5217706,457
2424453,456
2429712,456
5218388,456
2427181,454
2427956,454
5217797,452
2423691,451
2424238,451
2425150,451
2426899,451
2431311,451
2428370,450
2429898,450
5217519,449
5218338,449
5217695,448
2428195,447
5216855,447
2423555,446
5217425,446
2429594,445
2425004,444
2428266,443
5216657,442
5218068,442
2426813,440
5217386,440
2421919,438
10849457,437
2424793,437
2428401,437
2428628,437
10679529,436
2426695,436
5217231,436
2428275,435
2424236,434
2424701,434
2428325,434
9888761,434
2424206,433
2430725,433
2424559,432
2425750,431
2428600,431
10883374,430
5217850,429
2421830,428
2423561,427
2425286,427
2426790,427
2427627,427
10695765,426
5218359,426
2431530,425
10718349,419
5216570,419
5218335,419
2426874,418
2430512,418
2423523,417
2423310,416
2430198,415
2423321,414
2423564,414
9987236,414
2425378,413
2424455,412
2425107,412
2422396,411
10849291,410
2422956,410
2423337,410
2430635,410
2430685,410
9584714,410
10052226,408
2431526,408
5216877,408
10697694,407
2429163,407
2424637,406
2428622,406
2431332,406
2425514,403
2431748,403
10729529,402
2425180,402
2429486,402
2430957,402
2431144,402
2427807,401
2423481,400
2431336,400
2423478,399
2427981,398
2429891,398
7773159,398
10684847,397
2429736,397
7465076,397
2422501,396
4817022,396
5217871,396
5217939,396
2425199,393
2426292,393
9080070,393
10721051,392
5217875,392
2424879,391
2429571,391
2429681,389
2423550,388
2431133,388
2425693,386
5217623,386
2423406,385
2425024,385
2428973,385
2425190,384
2429093,384
2431294,383
2431456,383
8930594,383
2424467,382
2431398,382
5216829,382
2425474,381
2428078,381
2431525,381
10748649,380
7725061,380
10849155,379
2422437,379
2421823,378
5216865,378
5217680,378
2431520,377
2427353,376
2427897,376
2430472,376
10887822,375
2425392,374
2425406,373
2431822,372
5216682,372
10691530,371
2425516,370
10711994,369
2422894,369
2424138,369
2425674,368
5218395,368
2429306,367
10526275,366
2422461,366
2427958,366
2427967,366
2422172,365
2423156,365
2430171,365
5217915,365
2423827,364
5217515,362
5218018,362
12026756,361
2422197,361
2428636,361
2428906,361
2431302,361
10788315,360
2427712,360
2430470,360
2426672,359
2430189,359
2431511,359
2424266,358
2425201,358
5216636,357
2422858,356
2425320,356
2427568,356
2427783,356
10868563,355
2430828,355
5217705,354
10688948,352
10720917,352
2422403,352
2429566,352
10701161,351
10785052,350
2423957,350
2425010,350
8897024,350
2423340,349
2424672,349
2431382,349
5217245,349
2425853,348
2431348,348
2428969,347
10803854,346
2430811,346
2432042,346
7923416,346
5217527,345
2429917,344
2426573,343
2431977,343
5217769,343
10775001,342
2425137,342
5218011,342
10800022,341
2422547,341
2423973,341
2425699,341
2427148,341
2431309,341
2423476,340
2427291,340
2431531,340
10799507,338
2422946,338
2423782,338
2425782,338
2430285,337
2423450,336
2429268,336
2424124,334
2426645,334
2429580,334
2430792,334
5217719,334
2431817,332
2431950,332
2427624,331
10050363,330
2427259,330
10447708,329
2421594,329
10795634,328
2424079,328
2425703,328
2429562,328
9325706,328
2422174,327
2423510,327
2428068,327
5217209,327
2425235,326
2431361,326
2429704,325
2423175,324
5216879,324
5217613,324
8939262,324
10743188,323
10841841,323
2424231,323
2423194,322
2429930,322
10037600,321
10852279,321
2422101,321
2425496,321
2426677,321
2427964,321
2429445,321
2430114,321
2431194,321
2431508,321
5217388,321
10677044,320
10805823,319
2431280,319
2428512,318
2428917,318
5217644,318
5218240,317
2424264,316
2424573,315
2428244,315
2429721,315
2430172,315
10820259,314
2428125,314
2428327,314
5217649,314
5218020,314
2423287,313
2424988,313
2425026,313
2425555,312
2430188,312
10382770,311
2423181,311
2423342,311
2427106,311
2427641,311
2429248,311
2421814,309
5217267,308
5218078,308
10810518,307
10825626,307
2424282,307
5217632,307
2424675,306
2431943,306
10674481,305
2429179,305
2431682,305
5217803,305
10738717,304
2421520,304
2421839,304
2421883,303
2423462,303
2427557,303
2430815,303
2427060,302
2427295,302
2431119,302
5785588,302
8829266,302
9618718,302
2431533,301
10887338,299
2427632,299
2423322,298
2431865,298
2425436,297
2429595,297
5217869,297
10830653,296
2422365,296
2427978,296
2429644,296
2430917,296
2425758,295
2429387,295
5218406,295
10802300,294
2421914,294
2428987,294
2429632,294
2432083,294
10839179,293
2430588,293
2430664,293
2431524,293
2425982,292
2428914,292
2429707,292
2430127,292
2424296,291
2425062,291
2425644,291
5216863,291
5218122,291
8775138,291
2423487,290
2429665,290
2431323,290
2424428,288
2425530,287
2428374,287
10061226,286
2426321,286
2430586,286
5216653,286
5785368,286
9647435,286
2422176,285
2425250,285
2427881,285
5217851,285
2428635,284
5217255,284
2424594,283
2426511,283
2428896,283
2431774,283
10857290,282
2423271,282
2424358,282
2431371,282
2421647,281
2429717,281
2430695,281
5218072,281
10874928,280
2429743,279
10688877,278
2426229,278
5218008,278
2425338,277
2429227,277
2430503,277
5218162,277
2421778,276
9750286,276
2425797,275
2423483,274
2424608,274
2430594,274
2431297,274
2431947,274
9158170,274
2428412,273
2430440,273
10743979,272
10797799,272
2429567,272
2424994,271
2428194,271
2429558,271
5216695,271
2425873,270
2426775,270
2431503,270
2425494,269
2426536,269
2428398,269
2429868,269
11162235,268
2429910,268
2430424,268
2426697,267
10841000,266
2421551,266
2424253,266
10737827,265
2431279,265
5217972,265
10071184,264
10848203,264
11539236,264
2424139,264
5216824,264
5217724,264
10841416,263
2424008,263
2428456,263
2430191,263
2431128,263
5217805,263
2422184,262
2424658,262
2428323,262
10786072,261
2428120,261
5217588,261
2421833,260
2424646,260
2425960,260
2430168,260
2431342,260
9885518,260
5216834,259
5218017,259
2424181,258
2424631,258
2424828,258
2427899,258
2428319,258
5218299,258
9391920,258
10830405,257
2421820,257
2430454,257
5216965,257
2428947,256
2426302,255
2428032,255
2430192,255
2431037,255
5217707,255
2424287,254
2424556,254
2428044,254
9261525,253
10846405,252
2423781,252
2430199,252
2425828,251
2427893,251
5785811,251
12116859,250
2426985,250
2429929,250
2431208,250
2431479,250
10767884,249
2425625,249
5217399,249
5217554,249
7809898,249
2427994,248
2429883,248
2431193,248
7712378,248
9032203,248
9103445,248
2421791,247
2423722,247
2430479,247
2432039,247
5216896,247
10835015,246
2423741,246
2425357,246
2431455,246
10717979,245
2423573,245
2427146,245
2429676,245
2430147,245
2430825,245
2423457,244
2428551,244
10854917,243
2424122,243
2425664,243
2431277,243
10697470,242
2423789,242
5216641,242
2431756,241
5218012,241
10677151,240
10678434,240
2425064,240
2425803,240
2430617,240
5217285,240
2427349,239
5216666,239
5218106,239
10774023,238
2426580,238
2427650,238
2431844,238
5217884,238
10868085,237
2425123,237
2429919,237
2430978,237
5217655,237
2425573,236
2426515,236
5217328,236
5216962,235
9239545,235
9964995,234
10794052,233
2424149,233
10881198,232
2422062,232
5217576,232
7709772,232
10716069,231
10851966,231
2425204,231
2428248,231
2430462,231
5216800,231
11170959,230
2423332,230
2423575,229
2428084,229
2431879,229
5218375,229
8357380,229
8887740,229
2430320,228
2430749,228
2431139,228
10898777,227
2424113,227
2428926,227
8350301,227
2425119,226
2429481,226
2431759,226
5217668,226
2421812,225
2423547,225
12140328,224
2422531,224
2431246,224
2423318,223
2423571,223
2425386,223
2427268,223
2430500,223
2431372,223
10795338,222
2423542,222
2425510,222
2426558,222
2426577,222
2431125,222
10790860,221
2423455,221
2423495,221
2429716,221
2432057,221
2424088,220
10685955,219
2421482,219
2430473,219
2431258,219
5218367,219
10833653,218
5217747,218
5217967,218
10783165,217
2422052,217
2431329,217
5216995,217
2424054,216
2430920,216
2431664,216
12236337,215
2421637,215
2424178,215
2425569,215
2428684,215
10752664,214
10860177,214
2422262,214
2424638,214
2428080,214
2428458,214
2431137,214
2431413,214
2426529,213
2431757,213
5218371,213
2422545,212
2423438,212
2424070,212
2425544,212
2428979,212
2429158,212
2432001,212
10730320,211
2424634,211
2426563,211
2429590,211
5217553,211
2428406,210
5217528,210
7995774,210
2424159,209
2425126,209
2427974,209
2430155,209
2424544,208
2424682,208
2425537,208
2425691,208
2428675,208
5217743,208
10853808,207
2422564,207
2423553,207
2429385,207
2429675,207
2429677,207
5217128,207
10886456,206
2428424,206
2430154,206
2430460,206
10870267,205
10877877,205
2424459,205
2431883,205
5217941,205
10324713,204
10866491,204
2421648,204
2428116,204
2429684,204
10713970,203
10738807,203
10789373,203
2423402,203
2428907,203
2429808,203
2429943,203
2430946,203
5218158,203
2422056,201
2424067,201
2431471,201
5217309,201
5218010,201
8501474,201
2425085,200
2430668,200
2424645,199
2425908,199
2427372,199
2428462,199
2429156,199
2429238,199
2431768,199
7570926,199
8743060,199
10876767,198
2422513,198
2424214,198
2427634,198
5217612,198
5217713,198
5218400,198
2423451,197
2424680,197
2425646,197
2430465,197
2422856,196
2429020,196
2431701,196
5217284,196
2424194,195
2424632,195
2427151,195
2429602,195
2429809,195
2430126,195
2422428,194
2426283,194
2428942,194
5217767,194
2421758,193
2423377,193
2427037,193
2428151,193
2429345,193
2429508,193
2430937,193
2431192,193
10695531,192
2431485,192
9849293,192
2424110,191
2424454,191
2424690,191
2424985,191
8753208,191
10707222,190
11833099,190
2424613,190
2425968,190
2426915,190
2429863,190
2429938,190
8808626,190
2423299,189
2423303,189
2427980,189
5217643,189
5218178,189
10444550,188
12211123,188
2430379,188
10883552,187
10896287,187
11173195,187
2426230,187
2426841,187
2429299,187
2430643,187
2430951,187
2421854,186
2428094,186
2431322,186
2431663,186
10726226,185
10753231,185
2424129,185
2425459,185
5217956,185
10005242,184
2425980,184
2429719,184
2430728,184
2431296,184
2431392,184
2424272,183
8577897,183
10679545,182
10710925,182
2421805,182
2422098,182
2425424,182
2426562,182
2426861,182
5217635,182
5218087,182
10694944,181
2423965,181
2430125,181
2430279,181
5218082,181
9304784,181
10870367,180
2424148,180
2425702,180
2426319,180
2426618,180
2431685,180
10791922,179
2425051,179
5785963,179
8866788,179
9048924,179
9178012,179
10625685,178
2424090,178
2430480,178
2431686,178
2431688,178
8766277,178
2421670,177
2423341,177
2424146,177
2429588,177
2430151,177
2430200,177
10683649,176
2423767,176
2428014,176
2428557,176
2429750,176
2429872,176
2429900,176
2430846,176
2431882,176
5217627,176
5217874,176
11194989,175
2425619,175
2428897,175
2428902,175
2430998,175
5216847,175
5217207,175
5217480,175
5217792,175
10677799,174
10813973,174
2424203,174
2428473,174
2428645,174
2430143,174
2431749,174
2422148,173
2422426,173
2424228,173
2424505,173
2424534,173
2429259,173
2429709,173
2429753,173
5216632,173
5217509,173
8289310,173
9612803,173
9699398,173
2423544,172
2425078,172
2425434,172
2428295,172
2430196,172
2430850,172
2431703,172
5217288,172
2426298,171
2431946,171
5217339,171
2427908,170
2429570,170
2431755,170
5785797,170
10845124,169
10883903,169
2421506,169
2422170,169
2425311,169
5217523,169
5218079,169
5218148,169
8428241,169
9985475,169
10880198,168
2423387,168
2425689,168
2426226,168
2428529,168
2430862,168
5218186,168
2423273,167
2431622,167
10707733,166
10716997,166
2423518,166
2424412,166
2425253,166
2425257,166
2429660,166
10195065,165
10643110,165
11512758,165
2425176,165
2432011,165
5216692,165
8983823,165
9993678,165
10096654,164
10873012,164
2422480,164
2428388,164
2430707,164
5216843,164
5785898,164
7662131,164
10684516,163
2421498,163
2428937,163
2429459,163
5216672,163
2424805,162
2429320,162
2431209,162
2431276,162
2431631,162
2431770,162
5217807,162
2424589,161
2427157,161
2431384,161
5217295,161
10707123,160
2423414,160
2425486,160
2426521,160
2427140,160
2428923,160
10849079,159
10853890,159
2422373,159
2427622,159
2428331,159
2429951,159
2430858,159
8840282,159
8859229,159
9112639,159
9261957,159
10811223,158
2421761,158
2424640,158
2425844,158
2427654,158
2429105,158
2430753,158
9801018,158
10862692,157
2422572,157
2422888,157
2423694,157
2430170,157
2430458,157
2430800,157
2431189,157
5217003,157
5218363,157
10764522,156
10794612,156
2423796,156
2423841,156
2425404,156
2426518,156
2429980,156
2431683,156
5216681,156
7405227,156
8864382,156
10200483,155
10874085,155
2421607,155
2421813,155
2423326,155
2424633,155
2427318,155
2428010,155
2428018,155
5217326,155
5785622,155
10865713,154
10890288,154
2424391,154
2424508,154
2425335,154
2426253,154
2427836,154
2429755,154
2422180,153
2425825,153
5217810,153
2424676,152
2425763,152
2427239,152
2429881,152
2431210,152
2431775,152
5217331,152
5785933,152
8773927,152
10745678,151
11114111,151
2422419,151
2425227,151
2430420,151
2430658,151
5217648,151
8972122,151
10862007,150
10862239,150
11658312,150
2425492,150
2429889,150
2424603,149
2424936,149
2427991,149
2427999,149
5216816,149
5785921,149
11192183,148
2421976,148
2422153,148
2424550,148
2428981,148
2431341,148
5217711,148
8674868,148
2425095,147
2425229,147
2428311,147
2429171,147
2431690,147
5217378,147
9573101,147
11118957,146
10670408,145
10752319,145
2423153,145
2423556,145
2424241,145
2424641,145
2426961,145
2429672,145
2430100,145
2431116,145
2431321,145
2431672,145
5217650,145
10756202,144
2423412,144
2423433,144
2425765,144
2427242,144
2429643,144
2430521,144
2422049,143
2425349,143
2426208,143
2426246,143
2426965,143
8867487,143
10782410,142
2424330,142
2425508,142
2429739,142
2430478,142
10732544,141
2423713,141
2425225,141
2426921,141
5218171,141
2421824,140
2422118,140
2424635,140
2427737,140
2428466,140
2428671,140
5216659,140
9372332,140
10699850,139
10805331,139
2421798,139
2422193,139
2423277,139
2425478,139
2427548,139
2429405,139
2429564,139
2430106,139
5216665,139
8494509,139
2426329,138
2427784,138
2428436,138
2430461,138
5217610,138
5217966,138
10848467,137
2427652,137
2430860,137
5217682,137
11908038,136
2421560,136
2422192,136
2423720,136
2424549,136
2427648,136
2428516,136
2429175,136
5216628,136
5218352,136
10685875,135
2425430,135
2427210,135
2427655,135
2429207,135
8164058,135
10705579,134
12203729,134
2422152,134
2423582,134
2424205,134
2427129,134
2429904,134
2430112,134
8908413,134
10694929,133
10779794,133
2425482,133
2426316,133
2427153,133
2431669,133
5218112,133
2425115,132
2425297,132
2425658,132
2429689,132
5217646,132
5217673,132
5217764,132
5218069,132
5218365,132
10851575,131
2427646,131
2428946,131
2430502,131
2432003,131
9104611,131
9601839,131
10283302,130
10672517,130
11748734,130
2423177,130
2431161,130
5218193,130
2421604,129
2423063,129
2423359,129
2424207,129
2424531,129
2425317,129
2430965,129
2431293,129
2431833,129
5217872,129
5217890,129
8964328,129
10714357,128
10815352,128
10893865,128
2425615,128
2426648,128
2431435,128
2431852,128
5218021,128
10884724,127
2424403,127
2425217,127
2426317,127
2431360,127
2431954,127
5217535,127
8857834,127
9246542,127
2423401,126
2425255,126
2426783,126
2428418,126
2428913,126
2431734,126
5218127,126
10700673,125
10868137,125
2422472,125
2427323,125
2421651,124
2426528,124
2427623,124
2427875,124
2428362,124
2428886,124
2430499,124
7902162,124
2427708,123
10639204,122
10786909,122
2424074,122
2424799,122
2428682,122
10834065,121
2423974,121
2425086,121
2426530,121
2430797,121
5217683,121
5217740,121
9127835,121
2424695,120
2425242,120
2425666,120
2426089,120
5218070,120
9296105,120
10733643,119
10781472,119
10832674,119
12179039,119
2423370,119
2423838,119
2427626,119
2428506,119
2429489,119
2429503,119
5217327,119
10837142,118
10871041,118
2423416,118
2425784,118
2426561,118
2431101,118
7420328,118
10696509,117
10772622,117
2422442,117
2426335,117
2428218,117
2429553,117
2431310,117
2431415,117
5217908,117
11701322,116
2421590,116
2425432,116
2425832,116
2428282,116
2429912,116
2430483,116
5217787,116
2421517,115
2423289,115
2423327,115
2423333,115
2423579,115
2424910,115
2425774,115
2430554,115
2431827,115
5216664,115
5217930,115
8623336,115
10146380,114
10732942,114
2425671,114
2428477,114
2430896,114
2431698,114
5217379,114
5218136,114
5785384,114
2428070,113
2428364,113
2429204,113
2430134,113
2430159,113
5217669,113
5218080,113
10817162,112
11180677,112
2422235,112
2425055,112
2427280,112
2430451,112
2430989,112
2431695,112
5217325,112
10832991,111
10842443,111
2424217,111
2424324,111
2424614,111
2425859,111
2429079,111
9472712,111
10848485,110
2421913,110
2421967,110
2423378,110
2429272,110
2429740,110
2429894,110
5217167,110
10815453,109
12221859,109
2421610,109
2422115,109
2422512,109
2424436,109
2431512,109
2431629,109
5218289,109
5218360,109
2426152,108
2427948,108
2429986,108
2430138,108
5218180,108
10761956,107
2421600,107
2421974,107
2425978,107
2427606,107
2427677,107
2430453,107
5218028,107
5218272,107
5785366,107
8532266,107
10834515,106
10873418,106
2422522,106
2423999,106
2424542,106
2426609,106
2426703,106
2431778,106
5217305,106
10858779,105
12256496,105
2423281,105
2424420,105
2426031,105
2429634,105
2431287,105
5217639,105
9142735,105
10701330,104
11378117,104
2424609,104
2427361,104
2427718,104
2427896,104
8764429,104
11116274,103
2421679,103
2422099,103
2423182,103
2423187,103
2428469,103
2428892,103
2428919,103
2429276,103
2431864,103
10728363,102
11707152,102
2424327,102
2428203,102
2428428,102
2428545,102
2428646,102
2431274,102
2431319,102
5217653,102
5217701,102
5785353,102
8537831,102
8658592,102
10887723,101
2422964,101
2424016,101
2424332,101
2426572,101
2428099,101
5216822,101
5217831,101
5218117,101
9350222,101
10709068,100
2421646,100
2421970,100
2423554,100
2425154,100
2425184,100
2426200,100
2429727,100
2430131,100
5216567,100
10809921,99
10869108,99
2422371,99
2423968,99
2424524,99
2427142,99
2427768,99
2428940,99
2431403,99
8470369,99
10758134,98
2422168,98
2426551,98
2429525,98
2431151,98
2431681,98
2431684,98
5217530,98
7794319,98
8587731,98
8751979,98
10802825,97
10831826,97
10893033,97
2421916,97
2424140,97
2424212,97
2424996,97
2426817,97
2429628,97
2430802,97
5216960,97
5217729,97
8629381,97
2422444,96
2424265,96
2425579,96
2428943,96
2430096,96
2431829,96
5216880,96
8780195,96
10746024,95
10842940,95
10863859,95
2421499,95
2424109,95
2424337,95
2425197,95
2425560,95
2425571,95
2426535,95
2426588,95
2426752,95
2427019,95
2427343,95
2427901,95
2428632,95
2430140,95
2430319,95
2430629,95
5217549,95
9023199,95
10702577,94
10771544,94
10779406,94
10886038,94
2422112,94
2422194,94
2424229,94
2429901,94
2431244,94
5216643,94
5217404,94
5217684,94
10641612,93
10823804,93
2423423,93
2430399,93
2431351,93
5217536,93
5785794,93
9153554,93
9668627,93
10772122,92
10857912,92
10865422,92
11808763,92
2421461,92
2421795,92
2424607,92
2425472,92
2425581,92
2426210,92
2428384,92
8660091,92
10360439,91
10745808,91
10781185,91
2421923,91
2424044,91
2428289,91
2429044,91
2429678,91
2429926,91
2430148,91
2431252,91
2431830,91
2432002,91
5785868,91
10736342,90
10877559,90
2423712,90
2424972,90
2428224,90
2428927,90
5217734,90
5218159,90
5785838,90
10742028,89
10844442,89
11212689,89
12200012,89
2422574,89
2423198,89
2426704,89
2429332,89
2430867,89
11376255,88
2421925,88
2423373,88
2424018,88
2424483,88
2428977,88
2431958,88
5216823,88
5217532,88
5785809,88
10139884,87
10817750,87
2422387,87
2422951,87
2428355,87
2428381,87
2429696,87
2430268,87
2430515,87
5217735,87
5785800,87
5785813,87
10792007,86
10833848,86
2423180,86
2423424,86
2424275,86
2424407,86
2428042,86
2429301,86
2429694,86
2430498,86
5217887,86
8662482,86
10775201,85
10785209,85
10795300,85
10809418,85
2424941,85
2424954,85
2428041,85
2430094,85
2430484,85
5216904,85
5218187,85
10721467,84
10774307,84
2422521,84
2423057,84
2423541,84
2424305,84
2425697,84
2425840,84
2427331,84
2427855,84
2427946,84
2428291,84
2429215,84
2429695,84
2430237,84
2430336,84
2430339,84
2430422,84
2431357,84
5216701,84
5217481,84
8128133,84
10699295,83
10729359,83
10743637,83
11659605,83
2421796,83
2423578,83
2423828,83
2424514,83
2425545,83
2427108,83
2429090,83
2429730,83
2431866,83
5217634,83
10730532,82
2422544,82
2424800,82
2425091,82
2427226,82
2428225,82
2429968,82
5216658,82
5217258,82
5217818,82
10478082,81
2421550,81
2421785,81
2421932,81
2422855,81
2424075,81
2425912,81
2427960,81
2430600,81
5217296,81
5217731,81
8338905,81
8492424,81
9061509,81
10720035,80
10786075,80
10838265,80
12201705,80
2421835,80
2423202,80
2424069,80
2425818,80
2426337,80
2431273,80
2431972,80
5216704,80
5217943,80
5218095,80
9097318,80
10721081,79
2421853,79
2421948,79
2424856,79
2425215,79
2425248,79
2427315,79
2428376,79
2428561,79
2429211,79
2429292,79
2430741,79
2431509,79
2432053,79
5217009,79
5217222,79
5217665,79
5217785,79
8952122,79
10249101,78
10820759,78
12209483,78
2423237,78
2424232,78
2424683,78
2425101,78
2426263,78
2426310,78
2427064,78
2430233,78
2430646,78
2431839,78
5216987,78
5217616,78
5218073,78
7510381,78
10753565,77
10814738,77
2422151,77
2422463,77
2423835,77
2424078,77
2424328,77
2424387,77
2424580,77
2424990,77
2429870,77
2430122,77
2431248,77
2431291,77
5218009,77
8755615,77
10699258,76
10715546,76
10772294,76
10832242,76
10861489,76
12102714,76
12209039,76
2423261,76
2424187,76
2424497,76
2429464,76
2430508,76
2430717,76
2430948,76
2431190,76
5217721,76
5785836,76
2423522,75
2428677,75
2428982,75
2429953,75
2430619,75
2430743,75
2431881,75
5217513,75
5218077,75
9138613,75
10739522,74
10753776,74
2423519,74
2424269,74
2424499,74
2425457,74
2426513,74
2426576,74
2429461,74
9025716,74
9188884,74
9508722,74
10683806,73
10806779,73
10808040,73
10838463,73
11716638,73
2427873,73
2428930,73
2429032,73
2432026,73
5217279,73
5218320,73
5785829,73
5785846,73
9613450,73
9792714,73
10763662,72
10802928,72
10809153,72
10857707,72
2424163,72
2425933,72
2427791,72
2428055,72
2428379,72
2429899,72
2431617,72
5218280,72
5785772,72
10756155,71
2421481,71
2421489,71
2421983,71
2423185,71
2423962,71
2424123,71
2424694,71
2425130,71
2425313,71
2430489,71
2430856,71
2431365,71
5216871,71
8546365,71
8622735,71
9459419,71
2421808,70
2422200,70
2423330,70
2423396,70
2423724,70
2424130,70
2424648,70
2425164,70
2427317,70
2427354,70
2427664,70
2429597,70
2430466,70
2431691,70
5216703,70
5785826,70
7788329,70
8986086,70
9301323,70
10447476,69
10760915,69
10846189,69
2421953,69
2422061,69
2423174,69
2423176,69
2423395,69
2424516,69
2425315,69
2425974,69
2427214,69
2427358,69
2428016,69
2428299,69
2429223,69
2429253,69
2429648,69
2429876,69
2430584,69
2430890,69
2431118,69
2431275,69
8651536,69
10355465,68
10726821,68
10817616,68
2423061,68
2423086,68
2423184,68
2423969,68
2424352,68
2424789,68
2425443,68
2426183,68
2428535,68
2428954,68
2429512,68
2431141,68
2431334,68
2431378,68
5217661,68
8202523,68
8685934,68
8766373,68
9110276,68
10694962,67
10774415,67
10852699,67
10889057,67
2423562,67
2424102,67
2426224,67
2429011,67
2429658,67
2432037,67
5216994,67
5217873,67
5218099,67
8777312,67
9206556,67
10438352,66
10708671,66
10722555,66
10760813,66
10898904,66
2421928,66
2422064,66
2423417,66
2424185,66
2429379,66
2431941,66
5217819,66
8955348,66
9023094,66
9282778,66
10693126,65
10718059,65
2422149,65
2424209,65
2424479,65
2427193,65
2427890,65
2427997,65
2428262,65
2429086,65
2429305,65
2429878,65
2430152,65
2430795,65
2430827,65
2431303,65
2431395,65
2432058,65
5216626,65
5216688,65
5217766,65
5785981,65
8966187,65
9597065,65
10671287,64
10737612,64
10748620,64
10768654,64
10859427,64
2422369,64
2422488,64
2424673,64
2425275,64
2425416,64
2425623,64
2425830,64
2425848,64
2427263,64
2428303,64
2428342,64
5216638,64
5216907,64
5217964,64
5218198,64
5785272,64
5785355,64
9155036,64
9220407,64
10724515,63
10726774,63
10842924,63
10875567,63
11841417,63
2421806,63
2422071,63
2422492,63
2423418,63
2423570,63
2423625,63
2424020,63
2424166,63
2424279,63
2425455,63
2425528,63
2426288,63
2428089,63
2428615,63
2428990,63
5218284,63
9637901,63
10715758,62
10859181,62
2421803,62
2422142,62
2423179,62
2423357,62
2423761,62
2424168,62
2424451,62
2425365,62
2427155,62
2428029,62
2429480,62
2429527,62
2431401,62
5216573,62
5217214,62
5218004,62
5218150,62
7536992,62
9154862,62
10720478,61
10798384,61
2423164,61
2424569,61
2425072,61
2425711,61
2428929,61
2428941,61
2431046,61
10678852,60
10723098,60
10776103,60
10808787,60
10899760,60
2421686,60
2422248,60
2423772,60
2427724,60
2428265,60
2428691,60
2428957,60
2429077,60
2429687,60
2429864,60
2430790,60
5216805,60
5218124,60
8632705,60
10722763,59
10817419,59
10884826,59
2421754,59
2423227,59
2424165,59
2429885,59
2430469,59
5217217,59
5218085,59
8900924,59
9287104,59
10730205,58
10774285,58
10797474,58
10898216,58
2421924,58
2422100,58
2423183,58
2424340,58
2424363,58
2424752,58
2425958,58
2430898,58
2431614,58
2431621,58
5216614,58
5217494,58
5217506,58
5217629,58
8999567,58
9433851,58
10245064,57
10890885,57
2421641,57
2423319,57
2423331,57
2424310,57
2425428,57
2428063,57
2428502,57
2429326,57
2429355,57
2429686,57
2430494,57
2430885,57
2430924,57
2431451,57
2431523,57
5218139,57
8940736,57
9855956,57
10717589,56
10768446,56
10838699,56
10842379,56
10852769,56
11775692,56
2425069,56
2425267,56
2426333,56
2427748,56
2428951,56
2429778,56
2430449,56
2430882,56
2430926,56
2431452,56
5217408,56
5217782,56
5217982,56
5218019,56
5218202,56
7372561,56
8347818,56
9052746,56
10358277,55
10674987,55
10714666,55
10818554,55
2422250,55
2423459,55
2424794,55
2424875,55
2425532,55
2425813,55
2426568,55
2428011,55
2428547,55
2429745,55
2431165,55
2431312,55
5216610,55
5217387,55
5217755,55
5218098,55
10835658,54
2421667,54
2421677,54
2421793,54
2423520,54
2423552,54
2424213,54
2424243,54
2424536,54
2425153,54
2425231,54
2425769,54
2425940,54
2427168,54
2428885,54
2431288,54
2431353,54
2431871,54
5216945,54
5217854,54
5217926,54
5218108,54
8872467,54
9023799,54
9428186,54
10698926,53
10837789,53
11200419,53
2422484,53
2424604,53
2426553,53
2429314,53
2429666,53
2430116,53
2430389,53
2430821,53
5216611,53
5785840,53
8460372,53
8506165,53
9164915,53
10712403,52
10799780,52
10882515,52
12236708,52
2421684,52
2423400,52
2424271,52
2424385,52
2425162,52
2425947,52
2427247,52
2429519,52
2429705,52
2430959,52
2431736,52
2431996,52
5216572,52
5217340,52
5217577,52
5218238,52
10835025,51
11748448,51
2421818,51
2422490,51
2422517,51
2423167,51
2423346,51
2423458,51
2425526,51
2428114,51
2428543,51
2428959,51
2429357,51
2429874,51
2430121,51
2431409,51
5216654,51
5216827,51
5218081,51
5218345,51
7403309,51
9160094,51
9283916,51
10578913,50
10670952,50
10716881,50
10723673,50
12224050,50
2422478,50
2423558,50
2423666,50
2425097,50
2425210,50
2426052,50
2426555,50
2429458,50
2429973,50
2430475,50
2430854,50
2431259,50
2431874,50
5217595,50
5217802,50
5217808,50
7871663,50
9345906,50
10042960,49
10613113,49
10802352,49
10815086,49
2421456,49
2424697,49
2424700,49
2425109,49
2425329,49
2425476,49
2425708,49
2428487,49
2428899,49
2429298,49
2429810,49
2430331,49
2430501,49
2430650,49
5216674,49
5217154,49
5217278,49
5217546,49
5217592,49
5217932,49
5785909,49
10698285,48
10741822,48
10755021,48
10835234,48
10842706,48
10881030,48
2421598,48
2424230,48
2424661,48
2425767,48
2425821,48
2426272,48
2427308,48
2428329,48
2428888,48
2428901,48
2429619,48
2429631,48
2429895,48
2430142,48
2430897,48
2431247,48
2431840,48
5216535,48
5216675,48
5217760,48
5785937,48
9037535,48
10248134,47
10528290,47
10740608,47
11146277,47
2423144,47
2423204,47
2423559,47
2423684,47
2424182,47
2424304,47
2425172,47
2425607,47
2425712,47
2427337,47
2428012,47
2428569,47
2428893,47
2429368,47
2430839,47
2431411,47
2431441,47
5217196,47
5217291,47
5217923,47
8731654,47
8855870,47
9467877,47
10705150,46
10713549,46
10767888,46
10799542,46
10825142,46
10831043,46
10837842,46
10848827,46
10855366,46
12195138,46
12243432,46
2423239,46
2424193,46
2424313,46
2424344,46
2425221,46
2425340,46
2425731,46
2426910,46
2429185,46
2430141,46
2430407,46
2430908,46
2431140,46
2431147,46
2431846,46
2431888,46
5216690,46
5217427,46
5218172,46
5785902,46
10123895,45
10675138,45
10864349,45
10866656,45
2421826,45
2423392,45
2424343,45
2425667,45
2426780,45
2427087,45
2427952,45
2429932,45
2430129,45
2430467,45
2430723,45
2431158,45
2431347,45
2431869,45
5785618,45
9098898,45
9195949,45
10435518,44
11611641,44
2421815,44
2422160,44
2422162,44
2423970,44
2424051,44
2424405,44
2424426,44
2425121,44
2426213,44
2427672,44
2428357,44
2430476,44
2431295,44
5216569,44
5216881,44
5217752,44
5785944,44
8866312,44
9156265,44
9470882,44
10680231,43
11192034,43
2423837,43
2424036,43
2424445,43
2425292,43
2425414,43
2426532,43
2426584,43
2428958,43
2428965,43
2429524,43
2429710,43
2430631,43
2430837,43
2431249,43
5217768,43
5218115,43
5218184,43
7443906,43
9646905,43
9679516,43
9782367,43
10683898,42
10768316,42
10774631,42
11149650,42
11608579,42
12239424,42
2421596,42
2421657,42
2421831,42
2422516,42
2423295,42
2423297,42
2423855,42
2425605,42
2426663,42
2427830,42
2429124,42
2429371,42
2429603,42
2429959,42
2430301,42
2430605,42
2431350,42
2431636,42
7401168,42
8660519,42
10427403,41
10769839,41
10882473,41
11661397,41
11724818,41
2422132,41
2422138,41
2423186,41
2423537,41
2424179,41
2424393,41
2424546,41
2424696,41
2424848,41
2424864,41
2425018,41
2426081,41
2427767,41
2429218,41
2429264,41
2429340,41
2429465,41
2429828,41
2431055,41
2431106,41
2431271,41
2431327,41
2431418,41
5216538,41
5216660,41
5217401,41
5217619,41
5217678,41
5217697,41
5785346,41
5785969,41
8617970,41
9014698,41
9609074,41
9855856,41
10004879,40
10763601,40
10845648,40
10863166,40
10890776,40
2422055,40
2422459,40
2423301,40
2423829,40
2424210,40
2424211,40
2424349,40
2424601,40
2424938,40
2425083,40
2425498,40
2425519,40
2425834,40
2426520,40
2426847,40
2426869,40
2428243,40
2429277,40
2429279,40
2430201,40
2430734,40
2431374,40
5217412,40
5218093,40
5785964,40
8575599,40
8696039,40
8920437,40
9140135,40
9325310,40
10746092,39
10793171,39
10828698,39
10885079,39
10892263,39
11219976,39
11797125,39
2421680,39
2422161,39
2423221,39
2424043,39
2424347,39
2426190,39
2426276,39
2427300,39
2428058,39
2428134,39
2429770,39
2431421,39
2431640,39
5216644,39
5216888,39
5217596,39
5217611,39
5217658,39
5217756,39
5217948,39
5785917,39
8043606,39
9025695,39
9297819,39
10301230,38
10683682,38
10705743,38
10762688,38
10811423,38
10870498,38
10882795,38
10889721,38
2421467,38
2421753,38
2421927,38
2423169,38
2423267,38
2423391,38
2424010,38
2424085,38
2424103,38
2424260,38
2424797,38
2424831,38
2426186,38
2426670,38
2428464,38
2428537,38
2429100,38
2429281,38
2429328,38
2429882,38
2430457,38
2430713,38
2430967,38
2431832,38
5216789,38
5217323,38
5785957,38
5785960,38
10696935,37
11589152,37
2423316,37
2423329,37
2424131,37
2424175,37
2424254,37
2424308,37
2425139,37
2425400,37
2425637,37
2426247,37
2426527,37
2427270,37
2427690,37
2428108,37
2429552,37
2429718,37
2430289,37
2430297,37
2431630,37
2431697,37
5216558,37
5785843,37
8407903,37
8515229,37
8664803,37
9470394,37
10672255,36
10735029,36
10803086,36
10810960,36
10828982,36
10868554,36
11805646,36
2423257,36
2424046,36
2424197,36
2424301,36
2424366,36
2425653,36
2425861,36
2427345,36
2427363,36
2428081,36
2428416,36
2428575,36
2428918,36
2428966,36
2428978,36
2429088,36
2429160,36
2429424,36
2429517,36
2429550,36
2429914,36
2431678,36
5216956,36
5217405,36
5217413,36
5217654,36
5217720,36
5217958,36
5218133,36
5785949,36
8554788,36
9368301,36
10675615,35
10758785,35
10765999,35
10800314,35
10853557,35
10893422,35
11447014,35
2421431,35
2423209,35
2424240,35
2424321,35
2425042,35
2425553,35
2426575,35
2427700,35
2427723,35
2429263,35
2429462,35
2429466,35
2430883,35
2431843,35
5216557,35
5216618,35
5217670,35
5218242,35
5218266,35
5218273,35
5218286,35
5218331,35
7880935,35
9031687,35
10727846,34
10776576,34
10788307,34
10870203,34
10890758,34
11150220,34
2421605,34
2421844,34
2422107,34
2422147,34
2423348,34
2423425,34
2424335,34
2425186,34
2425603,34
2427200,34
2427820,34
2427883,34
2428230,34
2428430,34
2428613,34
2431305,34
2431639,34
5217727,34
5217902,34
8476273,34
8853839,34
9221367,34
9338198,34
9423473,34
10105047,33
10686925,33
10693332,33
10720411,33
10740768,33
10741191,33
10743236,33
10744667,33
10798862,33
10828327,33
10849121,33
10850563,33
10881258,33
10895484,33
12225107,33
12253318,33
2421868,33
2421873,33
2422094,33
2422191,33
2423291,33
2423365,33
2423961,33
2424427,33
2424693,33
2425238,33
2425500,33
2425681,33
2425793,33
2426306,33
2426507,33
2427202,33
2427661,33
2427859,33
2428219,33
2429451,33
2429630,33
2429931,33
2430203,33
2430519,33
2430637,33
2431289,33
5216876,33
5217419,33
5217476,33
5217914,33
5218114,33
5218154,33
5218263,33
5218297,33
5785954,33
7774578,33
7785918,33
8496641,33
8718807,33
8836379,33
8866492,33
8882559,33
10160364,32
10408173,32
10710864,32
10716574,32
10800047,32
10809299,32
10856289,32
11199246,32
11371674,32
11839282,32
2421563,32
2421655,32
2421894,32
2423415,32
2423422,32
2424112,32
2424136,32
2424392,32
2424429,32
2424496,32
2425160,32
2425367,32
2425374,32
2426284,32
2427131,32
2427278,32
2427633,32
2427894,32
2429036,32
2429635,32
2430097,32
2431831,32
5217138,32
5217475,32
5217804,32
5218278,32
8720719,32
8748488,32
9348772,32
10720971,31
10772843,31
10782090,31
10865788,31
10893988,31
11433514,31
11614661,31
2421549,31
2421921,31
2422244,31
2423408,31
2423545,31
2423848,31
2424084,31
2424174,31
2424225,31
2424443,31
2424503,31
2424606,31
2424873,31
2425044,31
2425521,31
2425778,31
2425850,31
2426557,31
2426769,31
2427116,31
2427856,31
2428335,31
2428396,31
2428921,31
2429042,31
2429363,31
2429499,31
2429633,31
2429649,31
2429651,31
2429679,31
2429884,31
2429927,31
2430398,31
2431396,31
2431704,31
2431868,31
2431873,31
5217763,31
5785438,31
5785853,31
5785900,31
5785904,31
7375793,31
8922443,31
9014688,31
9118955,31
9367932,31
9552331,31
9851277,31
9872637,31
10054719,30
10322552,30
10675331,30
10734485,30
10737073,30
10744372,30
10786394,30
10832728,30
10863137,30
10888746,30
12220414,30
2421911,30
2422113,30
2422146,30
2422182,30
2423075,30
2423959,30
2423964,30
2424323,30
2424824,30
2425135,30
2425542,30
2425801,30
2426195,30
2426546,30
2427199,30
2427786,30
2428051,30
2428118,30
2428307,30
2428510,30
2428606,30
2429404,30
2429662,30
2429940,30
2430701,30
2431045,30
2431314,30
5217338,30
8694931,30
8718778,30
8853730,30
9207506,30
9539467,30
10688033,29
10704880,29
10740467,29
10747717,29
10791269,29
10809402,29
10826028,29
2421485,29
2422453,29
2423247,29
2423539,29
2424006,29
2424080,29
2424164,29
2424204,29
2424345,29
2424486,29
2424826,29
2424829,29
2425278,29
2425932,29
2426638,29
2426892,29
2428559,29
2429367,29
2429513,29
2429764,29
2429925,29
2430564,29
2431333,29
2431391,29
2431432,29
5216527,29
5217380,29
5217381,29
5218157,29
5218270,29
5218319,29
5785589,29
5785919,29
8896285,29
9139876,29
9182153,29
9568260,29
10347756,28
10688832,28
10702975,28
10709933,28
10852025,28
10852222,28
10881959,28
11469469,28
2421638,28
2422385,28
2423252,28
2423339,28
2423390,28
2423410,28
2423967,28
2424048,28
2424050,28
2424626,28
2425192,28
2427236,28
2428948,28
2430987,28
2431143,28
2431162,28
2431383,28
5216533,28
5216683,28
5217502,28
5218137,28
5785587,28
5785912,28
8509706,28
8531823,28
8851842,28
8987205,28
9047657,28
9424564,28
9446267,28
10705198,27
10841771,27
10844757,27
10855181,27
10857609,27
10893594,27
11439559,27
11557561,27
2421807,27
2421865,27
2421890,27
2422486,27
2422565,27
2423055,27
2423383,27
2423398,27
2424106,27
2424118,27
2424278,27
2424367,27
2425246,27
2425397,27
2425955,27
2426286,27
2428524,27
2428611,27
2429150,27
2429318,27
2429655,27
2431284,27
2431352,27
2431447,27
5217761,27
5217780,27
5217942,27
5785895,27
8061712,27
8483995,27
8533183,27
8955159,27
9156166,27
10555860,26
10565775,26
10673150,26
10727722,26
10740527,26
10753513,26
10845596,26
10865403,26
11157151,26
11207446,26
2421660,26
2421918,26
2422257,26
2422457,26
2424003,26
2424188,26
2424652,26
2425049,26
2426544,26
2426548,26
2426574,26
2428226,26
2428359,26
2428931,26
2428962,26
2429048,26
2429213,26
2429715,26
2429862,26
2430344,26
2430973,26
2431186,26
2431343,26
5216640,26
5216883,26
5216978,26
5217215,26
5217382,26
5217742,26
5218374,26
5785356,26
5785805,26
5785884,26
7433785,26
8596035,26
8778425,26
9631781,26
10080581,25
10344056,25
10432951,25
10694610,25
10702291,25
10720289,25
10729067,25
10730768,25
10731641,25
10743226,25
10744842,25
10876470,25
10895195,25
2421876,25
2422070,25
2422566,25
2423158,25
2423263,25
2423560,25
2423975,25
2424877,25
2425322,25
2426565,25
2427089,25
2428101,25
2428309,25
2428565,25
2429029,25
2429621,25
2431381,25
2431623,25
2431656,25
5216621,25
5217216,25
5218189,25
5218194,25
5785354,25
5785816,25
5785976,25
7601216,25
7893203,25
8464900,25
8540306,25
8733704,25
8749627,25
8949960,25
9141361,25
9904866,25
9957160,25
10677870,24
10696249,24
10763681,24
10767654,24
10770766,24
10871548,24
10879394,24
10880225,24
11126014,24
11168549,24
2421635,24
2421981,24
2422421,24
2423325,24
2424208,24
2424791,24
2424798,24
2424992,24
2424998,24
2425219,24
2425282,24
2425480,24
2425512,24
2425890,24
2425934,24
2426187,24
2426269,24
2427351,24
2428573,24
2428650,24
2428887,24
2429005,24
2429144,24
2429757,24
2431149,24
2431154,24
2431164,24
2431171,24
2431402,24
2431637,24
2431729,24
2431741,24
5217377,24
5217418,24
5217505,24
5217642,24
5217774,24
5217864,24
5218092,24
5218153,24
8213814,24
8778354,24
9015959,24
9064085,24
9122035,24
9525077,24
10416133,23
10635410,23
10689184,23
10689215,23
10709234,23
10763985,23
10846509,23
10849602,23
11371373,23
12242447,23
12245000,23
2421492,23
2421609,23
2421788,23
2421908,23
2421985,23
2424004,23
2424162,23
2424796,23
2424836,23
2425772,23
2425883,23
2426540,23
2426567,23
2427772,23
2428321,23
2428339,23
2429220,23
2429342,23
2429487,23
2429653,23
2429920,23
2430169,23
2430218,23
2430715,23
2431266,23
2431285,23
2431457,23
2432000,23
5216668,23
5217225,23
5217329,23
5218293,23
5785821,23
7354185,23
8319174,23
8473237,23
8735380,23
8772203,23
8840278,23
9188056,23
10245146,22
10504541,22
10670291,22
10728148,22
10741404,22
10748601,22
10773458,22
10781263,22
10816454,22
10820814,22
10821636,22
10857565,22
10880164,22
10889369,22
10889931,22
2421558,22
2421597,22
2421611,22
2421986,22
2423657,22
2424108,22
2424353,22
2424430,22
2424678,22
2424951,22
2425382,22
2425976,22
2426188,22
2426249,22
2426308,22
2428039,22
2430144,22
2430158,22
2430648,22
2430691,22
5216785,22
5216808,22
5217007,22
5217140,22
5217606,22
5217749,22
5217961,22
5218138,22
5218296,22
8667876,22
8768680,22
9301428,22
9521308,22
10459740,21
10731035,21
10756964,21
10769411,21
10779263,21
10826371,21
10846180,21
10861713,21
2422045,21
2422144,21
2423070,21
2424030,21
2424081,21
2424087,21
2424474,21
2424512,21
2425012,21
2425022,21
2425418,21
2425798,21
2426359,21
2427368,21
2429062,21
2429126,21
2429605,21
2429720,21
2430117,21
2430456,21
2430991,21
2431153,21
2431290,21
2431884,21
5216613,21
5217322,21
5217385,21
5217809,21
8166562,21
8697141,21
9218503,21
9670890,21
9676311,21
9727674,21
9807749,21
10173033,20
10522542,20
10677914,20
10683123,20
10724610,20
10746442,20
10782903,20
10790774,20
10802169,20
10842509,20
10847114,20
10897160,20
12266720,20
2421827,20
2421906,20
2422102,20
2422143,20
2422552,20
2423546,20
2424410,20
2424432,20
2424684,20
2425076,20
2425240,20
2426280,20
2426534,20
2426539,20
2428079,20
2428340,20
2428460,20
2429334,20
2429501,20
2429984,20
2430238,20
2430763,20
2431820,20
5216631,20
5216633,20
5216635,20
5216885,20
5217423,20
5217738,20
5785790,20
5785832,20
5785888,20
8222999,20
8501417,20
8624123,20
8671792,20
8686233,20
8765313,20
9179314,20
10675385,19
10716911,19
10723551,19
10744816,19
10790134,19
10808533,19
10896746,19
11166866,19
12200560,19
2421603,19
2421746,19
2421973,19
2422016,19
2422961,19
2423375,19
2423770,19
2424126,19
2424142,19
2424276,19
2424361,19
2424491,19
2425088,19
2425635,19
2425642,19
2425747,19
2425752,19
2427002,19
2427224,19
2427244,19
2427636,19
2428021,19
2429255,19
2429329,19
2429620,19
2429623,19
2429865,19
2431054,19
2431301,19
2431368,19
2431627,19
5216629,19
5216677,19
5217621,19
5217662,19
5218001,19
5218118,19
5218277,19
5218279,19
5218325,19
5785788,19
9187987,19
9544448,19
9856080,19
10147187,18
10679866,18
10686196,18
10743077,18
10760088,18
10795403,18
10810416,18
10812244,18
10827135,18
10840140,18
10857198,18
10867773,18
10877485,18
10884670,18
10887547,18
10889337,18
10895620,18
11190320,18
2421809,18
2421893,18
2422260,18
2422495,18
2423080,18
2423411,18
2424002,18
2424101,18
2424226,18
2424357,18
2424404,18
2424465,18
2424475,18
2425304,18
2425454,18
2425502,18
2425655,18
2425896,18
2426331,18
2426353,18
2426357,18
2426550,18
2426570,18
2426819,18
2426849,18
2427342,18
2428305,18
2428440,18
2428656,18
2428944,18
2429050,18
2429169,18
2429722,18
2429749,18
2429948,18
2430128,18
2430220,18
2430806,18
2430911,18
2431366,18
2431369,18
2431632,18
2431738,18
2431877,18
5216676,18
5216787,18
5217287,18
5217324,18
5217762,18
5218105,18
5218134,18
5218143,18
5218156,18
5218196,18
5785894,18
5785948,18
7512646,18
7981031,18
8539086,18
8767420,18
9178683,18
9359728,18
9512540,18
9630441,18
9941741,18
10673575,17
10735531,17
10776234,17
10823656,17
10859538,17
10876054,17
10881606,17
10882947,17
10893692,17
11705361,17
11869003,17
2421547,17
2421946,17
2422534,17
2423320,17
2423374,17
2423563,17
2424342,17
2424350,17
2424354,17
2424425,17
2424435,17
2426611,17
2429297,17
2429645,17
2429650,17
2430293,17
2430509,17
2430558,17
2431286,17
2431638,17
5216645,17
5216954,17
5217198,17
5217314,17
5217878,17
5217957,17
5218203,17
5785965,17
8108427,17
8531148,17
8597444,17
8654215,17
8820013,17
8903091,17
8927923,17
8946537,17
8952020,17
9000868,17
9059515,17
9139947,17
9143535,17
9342822,17
9461484,17
10250426,16
10426137,16
10673819,16
10692194,16
10718275,16
10748665,16
10793331,16
10814135,16
10815679,16
10824095,16
10840936,16
10847620,16
10880150,16
11121108,16
11138349,16
11518530,16
11563990,16
12189145,16
2421546,16
2421905,16
2422111,16
2422114,16
2422159,16
2422467,16
2423066,16
2423714,16
2423778,16
2424005,16
2424144,16
2424160,16
2424311,16
2424389,16
2424434,16
2424463,16
2425060,16
2425103,16
2425679,16
2425685,16
2426804,16
2426863,16
2427631,16
2427912,16
2428317,16
2428489,16
2428609,16
2429034,16
2429199,16
2429349,16
2429359,16
2429375,16
2429522,16
2430334,16
2430471,16
2430580,16
2430962,16
2430968,16
2431146,16
2431727,16
2431818,16
5216661,16
5217566,16
5218177,16
5218190,16
5218245,16
5218322,16
5785362,16
5785803,16
7627978,16
7969675,16
8146567,16
8447164,16
8708409,16
8763936,16
8768811,16
8782190,16
8939090,16
10678972,15
10689749,15
10699704,15
10725820,15
10743751,15
10761062,15
10820025,15
10824272,15
10824317,15
10852299,15
10858285,15
10874102,15
11210301,15
11920123,15
2421602,15
2421652,15
2422568,15
2423077,15
2423215,15
2423219,15
2423285,15
2424172,15
2424227,15
2424423,15
2424511,15
2424650,15
2424851,15
2424958,15
2425288,15
2425370,15
2425547,15
2426581,15
2428664,15
2428960,15
2429383,15
2429622,15
2429903,15
2429908,15
2430834,15
2431138,15
2431260,15
2431635,15
2432013,15
5216627,15
5216639,15
5216795,15
5216815,15
5217006,15
5217206,15
5217626,15
5217702,15
5218173,15
5218185,15
7352329,15
7995624,15
8171736,15
8537996,15
8544785,15
8562808,15
8696264,15
8799331,15
8811094,15
8944519,15
8975557,15
9331187,15
10689690,14
10702315,14
10710764,14
10710908,14
10727963,14
10768813,14
10783176,14
10876796,14
10897495,14
10898186,14
11898117,14
12233498,14
2421454,14
2421469,14
2421683,14
2421856,14
2421902,14
2421951,14
2422032,14
2422252,14
2422482,14
2423405,14
2423742,14
2424186,14
2424219,14
2424835,14
2424840,14
2425567,14
2425823,14
2425875,14
2426533,14
2428027,14
2428375,14
2428658,14
2429394,14
2429604,14
2429617,14
2429663,14
2430124,14
2430183,14
2430435,14
2430582,14
2430699,14
2430979,14
2431059,14
2431257,14
2431272,14
5216897,14
5216927,14
5217521,14
5217894,14
5217916,14
5218074,14
5218146,14
5218361,14
8377529,14
8594053,14
8651645,14
8654813,14
8706708,14
8733064,14
8814639,14
8885024,14
9025020,14
9247446,14
9483429,14
9540317,14
9917924,14
10062508,13
10145074,13
10202655,13
10569024,13
10677384,13
10685720,13
10713469,13
10719319,13
10722141,13
10729875,13
10761224,13
10789532,13
10818441,13
10819223,13
10819811,13
10843934,13
10887427,13
11191339,13
11373693,13
11533129,13
11858278,13
12198881,13
12214308,13
2421606,13
2421654,13
2421676,13
2421678,13
2421947,13
2421955,13
2422091,13
2422150,13
2423189,13
2423196,13
2424099,13
2424161,13
2424183,13
2424438,13
2424490,13
2424654,13
2424656,13
2425402,13
2425558,13
2425609,13
2425673,13
2426519,13
2426585,13
2426700,13
2428060,13
2428344,13
2429407,13
2429639,13
2430819,13
2431254,13
2431349,13
5217330,13
5217333,13
5217397,13
5217630,13
5217645,13
5217984,13
5218003,13
5218101,13
5218274,13
5218300,13
5218310,13
5785055,13
7651757,13
8550240,13
8578592,13
8670655,13
8705303,13
8731354,13
8840185,13
9555666,13
9651491,13
9804863,13
10173397,12
10284138,12
10330899,12
10674915,12
10688233,12
10701807,12
10712896,12
10717733,12
10734844,12
10764784,12
10814198,12
10814932,12
10821725,12
10833791,12
10839791,12
10850149,12
10855381,12
10869559,12
10878488,12
10881561,12
11123159,12
11503180,12
2421460,12
2421511,12
2421613,12
2421663,12
2422009,12
2422093,12
2422261,12
2422367,12
2422469,12
2423136,12
2423312,12
2423324,12
2423367,12
2423577,12
2423790,12
2424104,12
2424153,12
2424155,12
2424157,12
2424224,12
2424237,12
2424348,12
2424439,12
2424685,12
2424844,12
2425001,12
2425280,12
2425388,12
2425394,12
2425533,12
2425695,12
2425706,12
2426589,12
2427205,12
2427217,12
2427706,12
2427759,12
2428036,12
2428481,12
2429013,12
2429381,12
2429627,12
2429706,12
2429708,12
2430111,12
2430123,12
2430187,12
2430194,12
2430817,12
2430848,12
2430909,12
2431245,12
2431283,12
2431433,12
5216845,12
5216977,12
5217218,12
5217631,12
5217771,12
5218091,12
5218140,12
5218182,12
5785887,12
5785892,12
7441368,12
7663930,12
7707628,12
8063053,12
8290723,12
8474090,12
8493452,12
8499850,12
8530575,12
8587165,12
8617679,12
8719036,12
8861167,12
8874658,12
9053183,12
9071106,12
9073497,12
9150722,12
9166597,12
9179423,12
9301065,12
9494655,12
9545519,12
9816110,12
9899712,12
10113982,11
10134707,11
10273745,11
10451738,11
10538580,11
10678324,11
10679139,11
10697394,11
10704947,11
10707056,11
10711562,11
10717870,11
10736896,11
10737478,11
10764833,11
10767354,11
10784178,11
10799065,11
10806014,11
10828050,11
10829457,11
10838337,11
10841663,11
10849149,11
10860319,11
10860928,11
10885993,11
10888479,11
12225424,11
2421811,11
2421998,11
2422198,11
2423243,11
2423293,11
2423335,11
2423386,11
2423397,11
2423413,11
2423429,11
2423693,11
2424105,11
2424195,11
2424418,11
2424754,11
2424869,11
2425196,11
2425294,11
2425490,11
2425562,11
2426184,11
2426290,11
2426523,11
2426763,11
2426779,11
2426943,11
2427675,11
2428020,11
2428903,11
2429614,11
2429615,11
2429685,11
2429688,11
2429824,11
2430119,11
2430137,11
2430633,11
2430904,11
2431625,11
5216571,11
5217594,11
5217709,11
5217751,11
5217795,11
5217983,11
5218104,11
5784923,11
5785863,11
5785916,11
7698202,11
8052504,11
8904032,11
8930515,11
9094612,11
9680615,11
9697648,11
9725565,11
9740039,11
9993935,11
10060218,10
10574054,10
10621412,10
10709091,10
10728138,10
10768224,10
10787159,10
10798035,10
10813073,10
10814682,10
10839261,10
10891498,10
11135875,10
11586064,10
12207910,10
2421524,10
2421681,10
2421787,10
2421929,10
2422026,10
2422044,10
2422448,10
2422553,10
2423255,10
2423311,10
2423336,10
2423436,10
2424073,10
2424326,10
2424470,10
2424507,10
2424886,10
2425141,10
2425911,10
2426278,10
2426906,10
2427212,10
2427340,10
2427741,10
2427954,10
2428009,10
2428017,10
2428247,10
2428533,10
2428673,10
2429030,10
2429902,10
2430949,10
2431150,10
2431304,10
2431370,10
2431624,10
2431732,10
5216550,10
5216801,10
5216804,10
5216841,10
5216874,10
5217199,10
5217274,10
5217422,10
5217689,10
5217733,10
5217750,10
5217949,10
5218096,10
5218142,10
5218315,10
5218326,10
5785818,10
5785850,10
5785910,10
5785947,10
8043526,10
8298659,10
8556406,10
8619029,10
8687883,10
8726191,10
8761056,10
8923104,10
9268767,10
9469316,10
10188446,9
10671018,9
10671933,9
10674834,9
10681914,9
10695867,9
10713327,9
10730468,9
10766727,9
10782257,9
10783645,9
10788778,9
10810156,9
10813675,9
10845498,9
10883677,9
10887528,9
11177749,9
11522430,9
11761780,9
11796717,9
2421526,9
2421759,9
2421817,9
2421850,9
2421851,9
2421888,9
2421922,9
2421930,9
2422018,9
2422034,9
2422103,9
2422154,9
2422420,9
2422546,9
2423200,9
2423211,9
2423403,9
2423794,9
2424083,9
2424086,9
2424156,9
2424176,9
2424274,9
2424312,9
2424803,9
2425117,9
2425213,9
2425223,9
2425353,9
2425846,9
2426094,9
2426764,9
2427311,9
2428541,9
2428895,9
2428905,9
2428928,9
2428992,9
2429229,9
2429361,9
2429528,9
2429869,9
2429921,9
2430157,9
2430225,9
2430481,9
2430639,9
2430884,9
2431152,9
2431156,9
2431315,9
2431326,9
2431331,9
2431340,9
2431356,9
5216568,9
5216630,9
5216798,9
5216890,9
5217219,9
5217297,9
5217313,9
5217426,9
5217537,9
5217539,9
5218107,9
5218111,9
5785351,9
5785352,9
5785361,9
5785896,9
5785905,9
7577910,9
7899165,9
8446208,9
8466437,9
8484239,9
8539203,9
8560281,9
8583176,9
8610083,9
8661996,9
8743396,9
8755965,9
8774052,9
8796438,9
8821272,9
8897774,9
8904513,9
8964385,9
9035476,9
9080074,9
9278938,9
9341991,9
9418957,9
9717423,9
9786897,9
9834643,9
9893910,9
10225485,8
10304031,8
10360518,8
10646347,8
10680606,8
10690253,8
10703105,8
10704401,8
10735450,8
10736361,8
10745378,8
10747165,8
10784583,8
10790694,8
10797747,8
10810779,8
10813555,8
10825542,8
10835106,8
10843435,8
10844851,8
10869351,8
10878550,8
10879797,8
10883609,8
10891072,8
10899112,8
11145648,8
11750912,8
12227395,8
2421643,8
2421874,8
2421901,8
2422046,8
2422249,8
2422529,8
2422540,8
2422550,8
2423206,8
2423233,8
2423269,8
2423361,8
2424158,8
2424255,8
2424400,8
2424457,8
2424469,8
2424472,8
2424476,8
2424655,8
2424802,8
2425159,8
2425194,8
2425261,8
2425888,8
2426531,8
2426692,8
2426957,8
2427206,8
2427313,8
2427316,8
2427902,8
2428103,8
2428354,8
2428411,8
2428623,8
2428916,8
2428932,8
2428949,8
2429202,8
2429444,8
2429460,8
2429495,8
2429640,8
2429711,8
2429761,8
2430596,8
2430705,8
2430751,8
2430983,8
2431270,8
2431335,8
2431618,8
5216562,8
5216702,8
5216831,8
5216952,8
5217151,8
5217547,8
5217712,8
5217718,8
5217726,8
5217728,8
5217773,8
5217778,8
5217971,8
5218167,8
5218174,8
5785864,8
5785940,8
7525373,8
7609054,8
8522969,8
8525372,8
8637283,8
8639588,8
8650168,8
8667015,8
8694132,8
8786572,8
8786651,8
8882976,8
8924837,8
8931099,8
8939259,8
9108551,8
9360700,8
9377900,8
9398255,8
9534569,8
9612827,8
9752980,8
9772396,8
9871174,8
9957383,8
10002746,7
10041465,7
10113900,7
10369502,7
10687717,7
10699026,7
10708778,7
10711203,7
10741521,7
10750129,7
10751240,7
10752129,7
10758956,7
10760620,7
10768229,7
10790442,7
10794807,7
10796590,7
10808031,7
10810319,7
10817832,7
10829034,7
10841987,7
10845948,7
10863510,7
10870039,7
10870980,7
10872747,7
10886856,7
10887894,7
10890061,7
10897361,7
10898870,7
11125495,7
11129453,7
11179042,7
11541584,7
11558603,7
11576367,7
11789635,7
12197324,7
12230829,7
2421483,7
2421543,7
2421619,7
2421752,7
2422158,7
2422475,7
2422549,7
2422551,7
2423059,7
2423073,7
2423235,7
2423314,7
2423323,7
2423384,7
2423407,7
2423845,7
2424014,7
2424141,7
2424199,7
2424473,7
2424525,7
2424956,7
2425014,7
2425038,7
2425863,7
2425904,7
2425942,7
2426325,7
2426364,7
2426831,7
2427253,7
2427276,7
2427328,7
2427734,7
2428046,7
2428485,7
2428651,7
2428898,7
2428922,7
2428975,7
2429188,7
2429195,7
2429242,7
2429271,7
2429377,7
2429616,7
2429647,7
2429985,7
2430275,7
2430370,7
2430853,7
2430869,7
2430988,7
2431136,7
2431251,7
2431454,7
2431692,7
2431700,7
2431845,7
2431878,7
5216547,7
5216563,7
5216821,7
5217268,7
5217656,7
5217674,7
5217800,7
5217977,7
5218103,7
5218160,7
5218170,7
5218183,7
5218191,7
5218327,7
5785617,7
5785715,7
5785932,7
5785961,7
5785971,7
7955970,7
8202777,7
8309978,7
8461592,7
8525132,7
8575500,7
8581424,7
8722622,7
8764441,7
8819931,7
8986030,7
8994598,7
9032199,7
9082696,7
9129911,7
9157473,7
9168390,7
9184410,7
9333663,7
9357559,7
9533686,7
9537133,7
9570943,7
9730271,7
10124484,6
10229867,6
10672894,6
10695677,6
10704557,6
10710339,6
10710468,6
10711505,6
10725662,6
10727054,6
10732863,6
10737624,6
10737737,6
10740846,6
10741340,6
10744694,6
10745811,6
10755977,6
10759515,6
10762182,6
10764501,6
10764859,6
10768581,6
10772356,6
10774847,6
10782105,6
10784217,6
10786179,6
10795599,6
10801353,6
10805042,6
10812792,6
10825690,6
10831493,6
10836892,6
10857091,6
10857212,6
10866617,6
10866661,6
10873100,6
10877625,6
10880216,6
10895871,6
11198292,6
11471920,6
11546399,6
12189884,6
12240596,6
2421591,6
2421593,6
2421614,6
2421802,6
2421849,6
2421870,6
2421882,6
2421936,6
2421944,6
2421982,6
2421992,6
2422465,6
2422556,6
2423084,6
2423140,6
2423229,6
2423343,6
2423382,6
2423394,6
2423569,6
2424302,6
2424495,6
2424506,6
2424526,6
2424698,6
2424804,6
2425206,6
2425331,6
2425351,6
2425376,6
2426191,6
2427033,6
2427347,6
2428038,6
2428408,6
2428607,6
2428660,6
2428950,6
2429231,6
2429280,6
2429338,6
2429344,6
2429484,6
2429504,6
2429610,6
2429625,6
2429646,6
2429725,6
2430136,6
2430248,6
2430443,6
2430448,6
2430730,6
2430918,6
2430985,6
2431282,6
2431362,6
2431442,6
2431726,6
2431861,6
5216615,6
5216673,6
5216699,6
5216786,6
5217299,6
5217400,6
5217552,6
5217779,6
5218000,6
5218121,6
5218204,6
5218285,6
5218323,6
5785855,6
5785951,6
7394416,6
8237436,6
8451742,6
8606728,6
8662773,6
8670602,6
8684612,6
8726109,6
8769945,6
8787242,6
8848266,6
8946646,6
8948267,6
8950630,6
9116852,6
9170051,6
9258071,6
9277132,6
9299042,6
9405152,6
9508469,6
9594123,6
9601947,6
9770659,6
9863039,6
9963490,6
10229135,5
10323708,5
10460439,5
10557617,5
10603883,5
10676129,5
10677344,5
10681232,5
10686569,5
10692238,5
10698068,5
10706806,5
10713026,5
10722300,5
10727873,5
10743467,5
10747437,5
10751028,5
10754621,5
10758710,5
10777664,5
10792972,5
10798529,5
10798811,5
10800802,5
10822927,5
10831589,5
10834116,5
10841282,5
10844938,5
10855943,5
10857486,5
10860887,5
10865262,5
10868382,5
10872760,5
10875222,5
10884026,5
10887038,5
11193892,5
11199667,5
11670105,5
12193216,5
12202308,5
2421601,5
2421616,5
2421904,5
2422048,5
2422140,5
2422451,5
2422505,5
2423178,5
2423245,5
2423306,5
2423338,5
2423419,5
2423427,5
2423430,5
2423763,5
2423775,5
2424082,5
2424092,5
2424107,5
2424336,5
2424388,5
2424431,5
2424444,5
2424523,5
2424871,5
2425090,5
2425276,5
2425307,5
2425441,5
2425523,5
2425716,5
2425815,5
2426300,5
2426506,5
2426556,5
2426784,5
2427070,5
2427265,5
2427862,5
2428251,5
2428442,5
2428471,5
2428891,5
2428908,5
2428983,5
2429232,5
2429275,5
2429290,5
2429310,5
2429324,5
2429421,5
2429526,5
2429626,5
2429641,5
2429642,5
2429664,5
2429667,5
2429674,5
2429827,5
2430161,5
2430186,5
2430197,5
2430490,5
2430689,5
2430732,5
2430755,5
2430981,5
2431307,5
2431316,5
2431373,5
2431620,5
2431628,5
5216551,5
5216620,5
5216655,5
5216686,5
5216840,5
5217247,5
5217406,5
5217410,5
5217699,5
5217714,5
5217784,5
5217798,5
5218116,5
5218126,5
5218192,5
5218268,5
5218276,5
5218295,5
5785861,5
5785929,5
7444138,5
8240569,5
8445249,5
8502057,5
8522520,5
8530753,5
8548513,5
8667459,5
8671992,5
8682934,5
8758097,5
8858408,5
8877580,5
8891896,5
8910866,5
9044345,5
9066122,5
9066674,5
9141976,5
9290846,5
9299318,5
9448406,5
9458656,5
9610159,5
9652239,5
9657825,5
9929117,5
10086960,4
10282250,4
10346583,4
10373393,4
10376063,4
10456457,4
10627543,4
10676161,4
10684295,4
10689423,4
10706870,4
10710276,4
10711265,4
10712619,4
10723815,4
10736641,4
10741468,4
10743109,4
10744324,4
10745969,4
10750929,4
10752264,4
10754325,4
10755460,4
10762560,4
10765679,4
10766856,4
10769017,4
10769378,4
10776068,4
10778807,4
10784846,4
10785823,4
10788212,4
10791681,4
10793522,4
10796217,4
10799584,4
10802330,4
10802649,4
10807929,4
10811456,4
10828273,4
10828905,4
10833529,4
10841211,4
10857150,4
10863697,4
10864366,4
10868731,4
10882211,4
10883837,4
10886391,4
10889559,4
10893504,4
10897432,4
11116551,4
11216011,4
11465345,4
11467380,4
11540518,4
11627696,4
11714529,4
11742548,4
12179883,4
2421786,4
2421837,4
2421845,4
2421990,4
2422008,4
2422109,4
2422119,4
2422141,4
2422555,4
2423064,4
2423191,4
2423223,4
2423334,4
2423379,4
2423385,4
2423388,4
2423389,4
2423409,4
2423538,4
2423540,4
2423956,4
2424047,4
2424098,4
2424111,4
2424121,4
2424135,4
2424154,4
2424192,4
2424307,4
2424394,4
2424464,4
2424478,4
2424493,4
2424517,4
2424665,4
2424801,4
2424854,4
2425398,4
2425412,4
2425507,4
2425601,4
2425836,4
2425857,4
2426030,4
2426250,4
2426255,4
2426323,4
2426342,4
2426363,4
2426586,4
2427285,4
2427297,4
2427709,4
2427715,4
2427742,4
2427790,4
2427972,4
2428301,4
2428666,4
2428915,4
2428935,4
2428972,4
2429197,4
2429244,4
2429250,4
2429282,4
2429370,4
2429391,4
2429401,4
2429529,4
2429612,4
2429825,4
2429879,4
2430540,4
2430711,4
2430804,4
2430836,4
2430894,4
2430923,4
2430927,4
2430941,4
2430960,4
2430964,4
2431166,4
2431318,4
2431616,4
2431699,4
5216617,4
5216625,4
5216689,4
5216806,4
5216825,4
5217212,4
5217482,4
5217715,4
5217801,4
5217843,4
5217863,4
5218013,4
5218075,4
5218152,4
5218169,4
5218175,4
5218241,4
5218271,4
5218287,4
5218294,4
5218305,4
5218306,4
5218308,4
5218309,4
5218312,4
5218321,4
5785360,4
5785834,4
5785906,4
5785968,4
7545411,4
7798974,4
7817202,4
8316436,4
8416459,4
8463957,4
8483263,4
8569743,4
8579735,4
8622832,4
8671643,4
8681584,4
8731795,4
8735393,4
8740645,4
8747343,4
8779047,4
8806513,4
8909738,4
8930867,4
8936414,4
8982709,4
9073398,4
9119318,4
9127147,4
9160323,4
9196868,4
9249797,4
9285826,4
9308185,4
9309475,4
9387800,4
9393754,4
9469311,4
9490793,4
9590595,4
9840974,4
9930246,4
10001321,3
10020909,3
10058662,3
10196813,3
10203446,3
10215773,3
10339656,3
10671989,3
10674101,3
10674231,3
10679821,3
10680715,3
10684037,3
10688083,3
10694412,3
10695323,3
10697206,3
10707620,3
10731826,3
10738757,3
10739952,3
10742759,3
10746665,3
10748982,3
10749940,3
10751059,3
10769363,3
10773117,3
10782318,3
10798311,3
10802392,3
10809729,3
10810155,3
10812260,3
10815345,3
10815600,3
10816522,3
10816785,3
10819426,3
10826005,3
10826637,3
10833332,3
10834115,3
10839902,3
10843329,3
10845665,3
10850657,3
10861690,3
10871524,3
10873983,3
10874165,3
10877252,3
10893351,3
10896643,3
10898601,3
11117592,3
11133477,3
11148667,3
11150961,3
11158759,3
11213348,3
11601987,3
11652739,3
11879233,3
11906995,3
12179611,3
12197392,3
12258361,3
2421532,3
2421782,3
2421832,3
2421859,3
2421886,3
2421980,3
2421996,3
2422239,3
2422569,3
2422949,3
2423078,3
2423188,3
2423225,3
2423241,3
2423259,3
2423260,3
2423376,3
2423380,3
2423651,3
2423752,3
2423954,3
2424001,3
2424072,3
2424127,3
2424221,3
2424461,3
2424510,3
2424618,3
2424681,3
2424888,3
2424946,3
2424999,3
2425142,3
2425265,3
2425295,3
2425303,3
2425372,3
2425525,3
2425598,3
2425887,3
2425984,3
2426029,3
2426267,3
2426770,3
2427262,3
2427299,3
2427321,3
2427950,3
2428066,3
2428269,3
2428297,3
2428360,3
2428394,3
2428410,3
2428655,3
2428984,3
2429001,3
2429140,3
2429217,3
2429266,3
2429278,3
2429283,3
2429373,3
2429441,3
2429452,3
2429478,3
2429500,3
2429514,3
2429548,3
2429609,3
2429724,3
2429765,3
2429905,3
2429983,3
2430167,3
2430507,3
2430683,3
2430902,3
2430906,3
2430929,3
2430931,3
2430992,3
2431056,3
2431155,3
2431159,3
2431320,3
2431389,3
2431444,3
2431619,3
2431728,3
5216537,3
5216559,3
5216684,3
5216693,3
5216788,3
5216803,3
5216811,3
5216812,3
5217220,3
5217286,3
5217493,3
5217628,3
5217651,3
5217672,3
5217981,3
5218076,3
5218151,3
5218267,3
5218314,3
5785358,3
5785372,3
5785823,3
5785931,3
7357223,3
7377649,3
7505405,3
7759664,3
8006501,3
8277542,3
8448205,3
8454392,3
8457300,3
8466411,3
8489202,3
8518301,3
8520904,3
8525503,3
8530704,3
8547421,3
8555631,3
8579153,3
8633091,3
8672393,3
8677644,3
8699147,3
8752619,3
8755155,3
8775196,3
8823046,3
8929148,3
8946845,3
8965601,3
8974462,3
8996919,3
9006439,3
9146246,3
9156375,3
9177204,3
9190411,3
9195889,3
9219076,3
9235402,3
9273579,3
9274252,3
9370077,3
9560335,3
9577531,3
9599978,3
9629413,3
9720925,3
9837569,3
9884719,3
9936335,3
9963561,3
9972366,3
10023203,2
10087214,2
10088962,2
10156015,2
10249997,2
10356946,2
10389365,2
10400545,2
10474859,2
10551518,2
10571255,2
10671260,2
10671587,2
10675048,2
10681917,2
10690972,2
10691636,2
10696394,2
10696871,2
10697494,2
10698205,2
10698905,2
10699461,2
10701436,2
10703177,2
10703211,2
10703474,2
10704618,2
10708304,2
10717379,2
10726737,2
10731579,2
10744306,2
10748925,2
10749540,2
10771413,2
10771690,2
10774036,2
10777721,2
10778436,2
10781285,2
10782645,2
10791842,2
10794016,2
10796144,2
10803264,2
10806153,2
10809083,2
10810730,2
10812094,2
10819529,2
10824099,2
10825038,2
10826296,2
10835573,2
10842189,2
10844884,2
10848079,2
10850814,2
10851414,2
10853950,2
10855389,2
10856092,2
10864275,2
10864641,2
10864736,2
10868115,2
10872662,2
10873373,2
10876681,2
10878828,2
10879019,2
10890337,2
10891891,2
10892082,2
10895643,2
10896298,2
11145224,2
11158110,2
11159103,2
11163804,2
11171628,2
11175133,2
11183334,2
11183661,2
11216149,2
11375974,2
11600030,2
11601334,2
11620244,2
11752577,2
11771509,2
11866825,2
12174285,2
12175355,2
12188798,2
12202304,2
12226747,2
12253391,2
2421455,2
2421682,2
2421750,2
2421756,2
2421838,2
2421846,2
2421857,2
2421866,2
2421878,2
2421984,2
2422014,2
2422030,2
2422163,2
2422186,2
2422196,2
2422514,2
2422548,2
2422960,2
2423172,2
2423213,2
2423231,2
2423275,2
2423317,2
2423363,2
2423428,2
2423445,2
2423572,2
2423587,2
2423633,2
2423687,2
2424045,2
2424049,2
2424052,2
2424071,2
2424132,2
2424220,2
2424273,2
2424325,2
2424460,2
2424462,2
2424487,2
2424498,2
2424502,2
2424689,2
2424692,2
2424699,2
2424790,2
2425030,2
2425031,2
2425036,2
2425068,2
2425259,2
2425290,2
2425299,2
2425463,2
2425631,2
2425865,2
2425881,2
2425892,2
2425895,2
2425931,2
2426021,2
2426193,2
2426237,2
2426248,2
2426258,2
2426312,2
2426345,2
2426851,2
2427359,2
2428053,2
2428057,2
2428065,2
2428105,2
2428444,2
2428620,2
2428912,2
2428924,2
2428964,2
2429022,2
2429287,2
2429288,2
2429430,2
2429515,2
2429516,2
2429618,2
2429629,2
2429652,2
2429673,2
2429746,2
2429768,2
2429826,2
2429867,2
2430146,2
2430164,2
2430213,2
2430474,2
2430598,2
2430666,2
2430687,2
2430697,2
2430727,2
2430866,2
2430936,2
2430939,2
2430947,2
2430976,2
2430990,2
2430993,2
2430995,2
2431130,2
2431131,2
2431163,2
2431188,2
2431281,2
2431292,2
2431330,2
2431346,2
2431359,2
2431386,2
2431626,2
2431689,2
2431731,2
5216526,2
5216528,2
5216532,2
5216642,2
5216663,2
5216685,2
5216697,2
5216700,2
5216705,2
5216958,2
5217002,2
5217259,2
5217396,2
5217478,2
5217520,2
5217637,2
5217687,2
5217723,2
5217758,2
5217799,2
5217959,2
5217974,2
5217986,2
5218097,2
5218165,2
5218288,2
5218324,2
5785025,2
5785363,2
5785844,2
5785928,2
5785989,2
7445460,2
7452783,2
7531655,2
7951821,2
8079996,2
8415556,2
8449130,2
8449632,2
8465421,2
8482325,2
8492036,2
8548959,2
8589546,2
8626392,2
8650798,2
8668919,2
8700567,2
8733378,2
8766457,2
8789139,2
8794388,2
8864167,2
8864359,2
8873734,2
8880638,2
8886513,2
8889527,2
8968035,2
8984222,2
9045421,2
9060146,2
9093455,2
9110798,2
9127847,2
9131188,2
9140691,2
9168780,2
9244539,2
9273545,2
9299320,2
9348156,2
9370433,2
9380141,2
9421542,2
9435959,2
9478636,2
9479707,2
9484255,2
9486953,2
9497276,2
9571155,2
9610382,2
9707052,2
9810683,2
9825475,2
9835026,2
9864112,2
10004478,1
10041674,1
10056217,1
10064096,1
10117467,1
10153039,1
10238916,1
10259682,1
10321240,1
10334748,1
10391718,1
10440378,1
10527687,1
10528050,1
10548267,1
10552081,1
10561068,1
10605842,1
10647585,1
10652517,1
10656276,1
10670495,1
10671647,1
10673941,1
10675400,1
10676193,1
10684255,1
10686829,1
10687704,1
10689468,1
10695216,1
10697156,1
10697467,1
10701563,1
10703760,1
10708747,1
10708997,1
10709914,1
10714982,1
10717425,1
10717444,1
10720558,1
10722582,1
10728084,1
10733264,1
10736870,1
10738347,1
10738735,1
10743075,1
10743907,1
10752293,1
10754948,1
10756312,1
10758989,1
10765118,1
10766696,1
10769495,1
10773462,1
10773534,1
10780013,1
10784120,1
10787241,1
10792183,1
10793543,1
10794334,1
10794834,1
10795996,1
10797760,1
10803499,1
10804328,1
10805714,1
10807185,1
10809624,1
10811148,1
10811993,1
10813009,1
10814457,1
10816089,1
10816209,1
10816799,1
10818937,1
10819460,1
10823442,1
10823732,1
10826165,1
10828068,1
10828154,1
10831353,1
10832967,1
10833083,1
10834599,1
10837805,1
10845551,1
10845915,1
10848419,1
10849393,1
10849581,1
10855838,1
10860592,1
10861874,1
10861984,1
10863108,1
10865918,1
10866101,1
10866428,1
10867590,1
10868027,1
10868288,1
10873343,1
10875181,1
10879882,1
10881547,1
10883261,1
10885164,1
10885358,1
10885412,1
10887938,1
10889610,1
10893320,1
11124053,1
11135516,1
11142871,1
11200706,1
11209258,1
11379406,1
11415899,1
11433415,1
11665233,1
11672492,1
11680640,1
11780872,1
11803410,1
11803596,1
11810532,1
11810965,1
11864896,1
12183016,1
12187773,1
12202740,1
12203475,1
12205779,1
12208534,1
12210749,1
12214856,1
12216979,1
12217227,1
12227269,1
12228489,1
12233518,1
12240144,1
12248767,1
12249235,1
12256523,1
12256728,1
12260256,1
12265592,1
12266489,1
2421668,1
2421743,1
2421745,1
2421751,1
2421783,1
2421784,1
2421799,1
2421810,1
2421816,1
2421861,1
2421887,1
2421917,1
2421931,1
2421972,1
2421988,1
2422000,1
2422023,1
2422047,1
2422095,1
2422096,1
2422157,1
2422411,1
2422511,1
2422554,1
2422570,1
2423155,1
2423265,1
2423279,1
2423315,1
2423328,1
2423350,1
2423353,1
2423381,1
2423404,1
2423420,1
2423421,1
2423426,1
2423432,1
2423531,1
2423574,1
2423628,1
2423655,1
2423661,1
2423669,1
2423681,1
2423711,1
2423784,1
2423958,1
2424143,1
2424246,1
2424365,1
2424466,1
2424477,1
2424515,1
2424521,1
2424557,1
2424664,1
2424667,1
2424815,1
2424861,1
2424884,1
2424968,1
2424976,1
2425040,1
2425046,1
2425066,1
2425082,1
2425133,1
2425156,1
2425174,1
2425305,1
2425355,1
2425384,1
2425438,1
2425596,1
2425657,1
2425683,1
2425748,1
2425877,1
2425882,1
2425894,1
2425900,1
2425902,1
2425936,1
2426215,1
2426239,1
2426243,1
2426244,1
2426257,1
2426274,1
2426294,1
2426304,1
2426537,1
2427068,1
2427208,1
2427261,1
2427314,1
2427338,1
2427365,1
2427592,1
2427651,1
2428031,1
2428034,1
2428047,1
2428049,1
2428072,1
2428112,1
2428286,1
2428333,1
2428479,1
2428531,1
2428605,1
2428633,1
2428693,1
2428889,1
2428910,1
2429027,1
2429125,1
2429173,1
2429177,1
2429236,1
2429286,1
2429289,1
2429347,1
2429365,1
2429483,1
2429485,1
2429505,1
2429518,1
2429734,1
2429763,1
2429922,1
2429961,1
2430105,1
2430120,1
2430193,1
2430195,1
2430313,1
2430315,1
2430321,1
2430348,1
2430703,1
2430930,1
2430943,1
2430945,1
2430986,1
2431057,1
2431157,1
2431265,1
2431338,1
2431634,1
2431733,1
2431740,1
2431848,1
4816788,1
4816790,1
5216539,1
5216541,1
5216560,1
5216609,1
5216634,1
5216671,1
5216694,1
5216706,1
5216799,1
5216807,1
5216819,1
5216908,1
5216926,1
5216964,1
5216967,1
5216976,1
5217156,1
5217213,1
5217310,1
5217411,1
5217421,1
5217477,1
5217500,1
5217560,1
5217622,1
5217640,1
5217696,1
5217732,1
5217739,1
5217754,1
5217791,1
5217924,1
5217978,1
5218014,1
5218128,1
5218129,1
5218147,1
5218166,1
5218168,1
5218181,1
5218265,1
5218269,1
5218291,1
5218292,1
5218329,1
5218330,1
5785088,1
5785613,1
5785848,1
5785860,1
5785911,1
5785925,1
5785926,1
5785930,1
5785939,1
5785945,1
5785952,1
7370474,1
7535627,1
7650324,1
7785931,1
7911914,1
7918505,1
7956915,1
8016149,1
8029455,1
8034660,1
8170666,1
8226619,1
8285927,1
8306910,1
8447003,1
8447090,1
8449767,1
8489172,1
8491459,1
8501541,1
8504143,1
8538542,1
8549052,1
8568598,1
8580399,1
8580431,1
8588508,1
8608395,1
8628493,1
8640446,1
8670052,1
8692191,1
8695805,1
8723563,1
8734266,1
8783599,1
8793936,1
8838427,1
8842165,1
8848872,1
8882410,1
8894583,1
8902383,1
8905972,1
8970742,1
9002028,1
9011242,1
9025994,1
9031417,1
9042863,1
9050340,1
9082607,1
9121266,1
9134755,1
9137125,1
9217071,1
9221997,1
9237718,1
9282458,1
9289384,1
9290079,1
9290459,1
9294096,1
9300372,1
9319004,1
9333389,1
9344575,1
9371464,1
9381959,1
9382792,1
9389069,1
9405479,1
9412886,1
9440491,1
9450061,1
9450586,1
9496507,1
9502128,1
9508004,1
9539038,1
9553514,1
9554252,1
9566378,1
9577774,1
9594359,1
9620139,1
9621609,1
9629708,1
9633871,1
9645660,1
9697404,1
9711561,1
9715974,1
9825703,1
9830860,1
9850844,1
9869204,1
9888158,1
9909479,1
9912456,1
9959617,1
9972503,1